FROM_DATE,STORE_CODE,MODULE_TYPE,MODULE_NAME,AREA, FLOOR_NAME , INDEX ,MODULE_SIZE_WIDTH,MODULE_SIZE_HEIGHT, M2_MODULE 
2024-01-01,CHA002,CASHIER_COUNTER,CASHIER_BACK,NORMAL,1,1.75,150,120,1.80
2024-01-01,CHA002,CASHIER_COUNTER,CASHIER_FRONT,NORMAL,1,1.82,105,90,0.95
2024-01-01,CHA002,GONDOLA,CC1,NORMAL,1,1.25,660,200,13.20
2024-01-01,CHA002,GONDOLA,CC2,NORMAL,1,1.25,540,120,6.48
2024-01-01,CHA002,GONDOLA,CC3,NORMAL,1,1.25,600,120,7.20
2024-01-01,CHA002,FLOOR,FLOOR,NORMAL,1,1.00,169,100,1.69
2024-01-01,CHA002,GONDOLA,G10,NORMAL,1,1.25,120,120,1.44
2024-01-01,CHA002,GONDOLA,G11,NORMAL,1,1.25,120,120,1.44
2024-01-01,CHA002,GONDOLA,G12,NORMAL,1,1.25,90,120,1.08
2024-01-01,CHA002,GONDOLA,G13,NORMAL,1,1.25,90,120,1.08
2024-01-01,CHA002,GONDOLA,G14,NORMAL,1,1.25,120,120,1.44
2024-01-01,CHA002,GONDOLA,G15,NORMAL,1,1.25,120,120,1.44
2024-01-01,CHA002,GONDOLA,G16,NORMAL,1,1.25,120,120,1.44
2024-01-01,CHA002,GONDOLA,G17,NORMAL,1,1.25,120,120,1.44
2024-01-01,CHA002,GONDOLA,G18,NORMAL,1,1.25,120,120,1.44
2024-01-01,CHA002,GONDOLA,G19,NORMAL,1,1.25,120,120,1.44
2024-01-01,CHA002,GONDOLA,G20,NORMAL,1,1.25,90,120,1.08
2024-01-01,CHA002,GONDOLA,G21,NORMAL,1,1.25,90,120,1.08
2024-01-01,CHA002,GONDOLA,G22,NORMAL,1,1.25,120,120,1.44
2024-01-01,CHA002,GONDOLA,G23,NORMAL,1,1.25,120,120,1.44
2024-01-01,CHA002,GONDOLA,G24,NORMAL,1,1.25,120,120,1.44
2024-01-01,CHA002,GONDOLA,G25,NORMAL,1,1.25,120,120,1.44
2024-01-01,CHA002,GONDOLA,G26,NORMAL,1,1.25,90,120,1.08
2024-01-01,CHA002,GONDOLA,G27,NORMAL,1,1.25,90,120,1.08
2024-01-01,CHA002,GONDOLA,G28,NORMAL,1,1.25,120,120,1.44
2024-01-01,CHA002,GONDOLA,G29,NORMAL,1,1.25,120,120,1.44
2024-01-01,CHA002,GONDOLA,G3,NORMAL,1,1.25,120,120,1.44
2024-01-01,CHA002,GONDOLA,G30,NORMAL,1,1.25,120,120,1.44
2024-01-01,CHA002,GONDOLA,G31,NORMAL,1,1.25,120,120,1.44
2024-01-01,CHA002,GONDOLA,G32,NORMAL,1,1.25,120,120,1.44
2024-01-01,CHA002,GONDOLA,G33,NORMAL,1,1.25,120,120,1.44
2024-01-01,CHA002,GONDOLA,G34,NORMAL,1,1.25,90,120,1.08
2024-01-01,CHA002,GONDOLA,G35,NORMAL,1,1.25,90,120,1.08
2024-01-01,CHA002,GONDOLA,G36,NORMAL,1,1.25,120,120,1.44
2024-01-01,CHA002,GONDOLA,G37,NORMAL,1,1.25,120,120,1.44
2024-01-01,CHA002,GONDOLA,G38,NORMAL,1,1.25,120,120,1.44
2024-01-01,CHA002,GONDOLA,G39,NORMAL,1,1.25,120,120,1.44
2024-01-01,CHA002,GONDOLA,G4,NORMAL,1,1.25,120,120,1.44
2024-01-01,CHA002,GONDOLA,G40,NORMAL,1,1.25,90,120,1.08
2024-01-01,CHA002,GONDOLA,G41,NORMAL,1,1.25,90,120,1.08
2024-01-01,CHA002,GONDOLA,G42,NORMAL,1,1.25,120,120,1.44
2024-01-01,CHA002,GONDOLA,G43,NORMAL,1,1.25,120,120,1.44
2024-01-01,CHA002,GONDOLA,G44,NORMAL,1,1.25,120,120,1.44
2024-01-01,CHA002,GONDOLA,G45,NORMAL,1,1.25,120,120,1.44
2024-01-01,CHA002,GONDOLA,G46,NORMAL,1,1.25,90,120,1.08
2024-01-01,CHA002,GONDOLA,G47,NORMAL,1,1.25,90,120,1.08
2024-01-01,CHA002,GONDOLA,G48,NORMAL,1,1.25,120,120,1.44
2024-01-01,CHA002,GONDOLA,G49,NORMAL,1,1.25,120,120,1.44
2024-01-01,CHA002,GONDOLA,G5,NORMAL,1,1.25,120,120,1.44
2024-01-01,CHA002,GONDOLA,G50,NORMAL,1,1.25,120,120,1.44
2024-01-01,CHA002,GONDOLA,G51,NORMAL,1,1.25,120,120,1.44
2024-01-01,CHA002,GONDOLA,G52,NORMAL,1,3.03,440,95,4.18
2024-01-01,CHA002,GONDOLA,G53,NORMAL,1,3.03,540,95,5.13
2024-01-01,CHA002,GONDOLA,G6,NORMAL,1,1.25,90,120,1.08
2024-01-01,CHA002,GONDOLA,G7,NORMAL,1,1.25,90,120,1.08
2024-01-01,CHA002,GONDOLA,G8,NORMAL,1,1.25,120,120,1.44
2024-01-01,CHA002,GONDOLA,G9,NORMAL,1,1.25,120,120,1.44
2024-01-01,CHA002,GASHAPON_DISPLAY,GM1,NORMAL,1,1.00,140,127,1.78
2024-01-01,CHA002,GONDOLA,GP1,NORMAL,1,1.25,90,120,1.08
2024-01-01,CHA002,GONDOLA,GP2,NORMAL,1,1.25,90,120,1.08
2024-01-01,CHA002,ISLAND_DISPLAY,IP1,PROMOTION,1,1.00,246,100,2.46
2024-01-01,CHA002,PALLET_DISPLAY,P1,NORMAL,1,1.00,331,100,3.31
2024-01-01,CHA002,PALLET_DISPLAY,P2,NORMAL,1,1.00,331,100,3.31
2024-01-01,CHA002,PALLET_DISPLAY,P3,NORMAL,1,1.00,356,100,3.56
2024-01-01,CHA002,TREE_DISPLAY,TREE_HW,NORMAL,1,1.14,120,100,1.20
2024-01-01,CHA002,TREE_DISPLAY,TREE_PLAYDOH,NORMAL,1,1.00,157,50,0.79
2024-01-01,CHA002,TREE_DISPLAY,TREE_SIKU,NORMAL,1,1.11,120,100,1.20
2024-01-01,CHA002,WALL_SHELF,W1,NORMAL,1,1.28,120,220,2.64
2024-01-01,CHA002,WALL_SHELF,W10,NORMAL,1,1.28,120,220,2.64
2024-01-01,CHA002,WALL_SHELF,W11,NORMAL,1,1.28,120,220,2.64
2024-01-01,CHA002,WALL_SHELF,W12,NORMAL,1,1.28,120,220,2.64
2024-01-01,CHA002,WALL_SHELF,W13,NORMAL,1,1.28,120,220,2.64
2024-01-01,CHA002,WALL_SHELF,W14,NORMAL,1,1.28,120,220,2.64
2024-01-01,CHA002,WALL_SHELF,W15,NORMAL,1,1.28,120,220,2.64
2024-01-01,CHA002,WALL_SHELF,W16,NORMAL,1,1.28,120,220,2.64
2024-01-01,CHA002,WALL_SHELF,W17,NORMAL,1,1.28,120,220,2.64
2024-01-01,CHA002,WALL_SHELF,W18,NORMAL,1,1.28,120,220,2.64
2024-01-01,CHA002,WALL_SHELF,W19,NORMAL,1,1.28,120,220,2.64
2024-01-01,CHA002,WALL_SHELF,W2,NORMAL,1,1.28,90,220,1.98
2024-01-01,CHA002,WALL_SHELF,W20,NORMAL,1,1.28,120,220,2.64
2024-01-01,CHA002,WALL_SHELF,W21,NORMAL,1,1.28,120,220,2.64
2024-01-01,CHA002,WALL_SHELF,W22,NORMAL,1,1.28,120,220,2.64
2024-01-01,CHA002,WALL_SHELF,W23,NORMAL,1,1.28,120,220,2.64
2024-01-01,CHA002,WALL_SHELF,W24,NORMAL,1,1.28,120,220,2.64
2024-01-01,CHA002,WALL_SHELF,W25,NORMAL,1,1.28,120,220,2.64
2024-01-01,CHA002,WALL_SHELF,W26,NORMAL,1,1.28,120,220,2.64
2024-01-01,CHA002,WALL_SHELF,W27,NORMAL,1,1.28,120,220,2.64
2024-01-01,CHA002,WALL_SHELF,W28,NORMAL,1,1.28,120,220,2.64
2024-01-01,CHA002,WALL_SHELF,W29,NORMAL,1,1.28,120,220,2.64
2024-01-01,CHA002,WALL_SHELF,W3,NORMAL,1,1.28,120,220,2.64
2024-01-01,CHA002,WALL_SHELF,W30,NORMAL,1,1.28,120,220,2.64
2024-01-01,CHA002,WALL_SHELF,W31,NORMAL,1,2.78,120,220,2.64
2024-01-01,CHA002,WALL_SHELF,W32,NORMAL,1,2.78,120,220,2.64
2024-01-01,CHA002,WALL_SHELF,W33,NORMAL,1,2.78,120,220,2.64
2024-01-01,CHA002,WALL_SHELF,W34,NORMAL,1,2.78,120,180,2.16
2024-01-01,CHA002,WALL_SHELF,W35,NORMAL,1,2.78,120,180,2.16
2024-01-01,CHA002,WALL_SHELF,W36,NORMAL,1,2.78,120,180,2.16
2024-01-01,CHA002,WALL_SHELF,W37,NORMAL,1,2.78,120,180,2.16
2024-01-01,CHA002,WALL_SHELF,W38,NORMAL,1,2.78,120,180,2.16
2024-01-01,CHA002,WALL_SHELF,W39,NORMAL,1,2.78,90,180,1.62
2024-01-01,CHA002,WALL_SHELF,W4,NORMAL,1,2.78,120,220,2.64
2024-01-01,CHA002,WALL_SHELF,W40,NORMAL,1,2.78,120,180,2.16
2024-01-01,CHA002,WALL_SHELF,W41,NORMAL,1,2.78,120,180,2.16
2024-01-01,CHA002,WALL_SHELF,W42,NORMAL,1,2.78,120,180,2.16
2024-01-01,CHA002,WALL_SHELF,W43,NORMAL,1,2.78,120,180,2.16
2024-01-01,CHA002,WALL_SHELF,W44,NORMAL,1,2.78,120,180,2.16
2024-01-01,CHA002,WALL_SHELF,W45,NORMAL,1,2.78,120,180,2.16
2024-01-01,CHA002,WALL_SHELF,W46,NORMAL,1,1.28,120,220,2.64
2024-01-01,CHA002,WALL_SHELF,W5,NORMAL,1,1.28,120,220,2.64
2024-01-01,CHA002,WALL_SHELF,W6,NORMAL,1,1.28,120,220,2.64
2024-01-01,CHA002,WALL_SHELF,W7,NORMAL,1,1.28,120,220,2.64
2024-01-01,CHA002,WALL_SHELF,W8,NORMAL,1,1.28,120,220,2.64
2024-01-01,CHA002,WALL_SHELF,W9,NORMAL,1,1.28,120,220,2.64
2024-01-01,CHA003,CABINET,BATTERY_CABINET,NORMAL,1,1.00,30,50,0.15
2024-01-01,CHA003,CASHIER_COUNTER,CASHIER_BACK,NORMAL,1,1.75,360,150,5.40
2024-01-01,CHA003,CASHIER_COUNTER,CASHIER_FRONT,NORMAL,1,1.82,150,90,1.35
2024-01-01,CHA003,FLOOR,FLOOR,NORMAL,1,1.00,578,100,5.78
2024-01-01,CHA003,GONDOLA,G1,NORMAL,1,3.03,440,100,4.40
2024-01-01,CHA003,GONDOLA,G10,NORMAL,1,1.25,120,120,1.44
2024-01-01,CHA003,GONDOLA,G11,NORMAL,1,1.25,120,120,1.44
2024-01-01,CHA003,GONDOLA,G12,NORMAL,1,1.25,120,120,1.44
2024-01-01,CHA003,GONDOLA,G13,NORMAL,1,1.25,120,120,1.44
2024-01-01,CHA003,GONDOLA,G14,NORMAL,1,1.25,120,120,1.44
2024-01-01,CHA003,GONDOLA,G15,NORMAL,1,1.25,120,120,1.44
2024-01-01,CHA003,GONDOLA,G16,NORMAL,1,1.25,90,120,1.08
2024-01-01,CHA003,GONDOLA,G17,NORMAL,1,1.25,90,120,1.08
2024-01-01,CHA003,GONDOLA,G18,NORMAL,1,1.25,120,120,1.44
2024-01-01,CHA003,GONDOLA,G19,NORMAL,1,1.25,120,120,1.44
2024-01-01,CHA003,GONDOLA,G2,NORMAL,1,3.03,200,130,2.60
2024-01-01,CHA003,GONDOLA,G20,NORMAL,1,1.25,90,120,1.08
2024-01-01,CHA003,GONDOLA,G21,NORMAL,1,1.25,90,120,1.08
2024-01-01,CHA003,GONDOLA,G22,NORMAL,1,1.25,120,120,1.44
2024-01-01,CHA003,GONDOLA,G23,NORMAL,1,1.25,120,120,1.44
2024-01-01,CHA003,GONDOLA,G24,NORMAL,1,1.25,120,120,1.44
2024-01-01,CHA003,GONDOLA,G25,NORMAL,1,1.25,120,120,1.44
2024-01-01,CHA003,GONDOLA,G26,NORMAL,1,1.25,120,120,1.44
2024-01-01,CHA003,GONDOLA,G27,NORMAL,1,1.25,120,120,1.44
2024-01-01,CHA003,GONDOLA,G28,NORMAL,1,1.25,90,120,1.08
2024-01-01,CHA003,GONDOLA,G29,NORMAL,1,1.25,90,120,1.08
2024-01-01,CHA003,GONDOLA,G3,NORMAL,1,3.03,580,90,5.22
2024-01-01,CHA003,GONDOLA,G30,NORMAL,1,1.25,120,120,1.44
2024-01-01,CHA003,GONDOLA,G31,NORMAL,1,1.25,120,120,1.44
2024-01-01,CHA003,GONDOLA,G32,NORMAL,1,1.25,90,120,1.08
2024-01-01,CHA003,GONDOLA,G33,NORMAL,1,1.25,90,120,1.08
2024-01-01,CHA003,GONDOLA,G34,NORMAL,1,1.25,120,120,1.44
2024-01-01,CHA003,GONDOLA,G35,NORMAL,1,1.25,120,120,1.44
2024-01-01,CHA003,GONDOLA,G36,NORMAL,1,1.25,120,120,1.44
2024-01-01,CHA003,GONDOLA,G37,NORMAL,1,1.25,120,120,1.44
2024-01-01,CHA003,GONDOLA,G38,NORMAL,1,1.25,120,120,1.44
2024-01-01,CHA003,GONDOLA,G39,NORMAL,1,1.25,120,120,1.44
2024-01-01,CHA003,GONDOLA,G4,NORMAL,1,3.03,460,90,4.14
2024-01-01,CHA003,GONDOLA,G40,NORMAL,1,1.25,90,120,1.08
2024-01-01,CHA003,GONDOLA,G41,NORMAL,1,1.25,90,120,1.08
2024-01-01,CHA003,GONDOLA,G42,NORMAL,1,1.25,120,120,1.44
2024-01-01,CHA003,GONDOLA,G43,NORMAL,1,1.25,120,120,1.44
2024-01-01,CHA003,GONDOLA,G44,NORMAL,1,1.25,90,120,1.08
2024-01-01,CHA003,GONDOLA,G45,NORMAL,1,1.25,90,120,1.08
2024-01-01,CHA003,GONDOLA,G46,NORMAL,1,1.25,120,120,1.44
2024-01-01,CHA003,GONDOLA,G47,NORMAL,1,1.25,120,120,1.44
2024-01-01,CHA003,GONDOLA,G48,NORMAL,1,1.25,90,120,1.08
2024-01-01,CHA003,GONDOLA,G49,NORMAL,1,1.25,90,120,1.08
2024-01-01,CHA003,GONDOLA,G50,NORMAL,1,1.25,120,120,1.44
2024-01-01,CHA003,GONDOLA,G51,NORMAL,1,1.25,120,120,1.44
2024-01-01,CHA003,GONDOLA,G52,NORMAL,1,1.25,90,120,1.08
2024-01-01,CHA003,GONDOLA,G53,NORMAL,1,1.25,200,70,1.40
2024-01-01,CHA003,GONDOLA,G54,NORMAL,1,1.25,360,100,3.60
2024-01-01,CHA003,GONDOLA,G55,NORMAL,1,1.25,120,120,1.44
2024-01-01,CHA003,GONDOLA,G56,NORMAL,1,1.25,420,90,3.78
2024-01-01,CHA003,GONDOLA,G8,NORMAL,1,1.25,90,120,1.08
2024-01-01,CHA003,GONDOLA,G9,NORMAL,1,1.25,90,120,1.08
2024-01-01,CHA003,GONDOLA,GP1,NORMAL,1,1.25,90,120,1.08
2024-01-01,CHA003,GONDOLA,GP2,NORMAL,1,1.25,90,120,1.08
2024-01-01,CHA003,GONDOLA,GP7,NORMAL,1,1.25,90,120,1.08
2024-01-01,CHA003,ISLAND_DISPLAY,IP1,PROMOTION,1,1.00,290,100,2.90
2024-01-01,CHA003,PALLET_DISPLAY,P1,NORMAL,1,1.00,560,100,5.60
2024-01-01,CHA003,PALLET_DISPLAY,P2,NORMAL,1,1.00,284,100,2.84
2024-01-01,CHA003,PALLET_DISPLAY,P3,NORMAL,1,1.00,286,100,2.86
2024-01-01,CHA003,TREE_DISPLAY,TREE_DISNEY_DIECAST,NORMAL,1,1.25,40,100,0.40
2024-01-01,CHA003,TREE_DISPLAY,TREE_HW,NORMAL,1,1.14,120,100,1.20
2024-01-01,CHA003,TREE_DISPLAY,TREE_LOL,NORMAL,1,1.47,35,100,0.35
2024-01-01,CHA003,TREE_DISPLAY,TREE_PLAYDOH,NORMAL,1,1.00,157,50,0.79
2024-01-01,CHA003,TREE_DISPLAY,TREE_SIKU,NORMAL,1,1.11,120,100,1.20
2024-01-01,CHA003,WALL_SHELF,W1,NORMAL,1,2.78,80,140,1.12
2024-01-01,CHA003,WALL_SHELF,W10,NORMAL,1,2.78,120,230,2.76
2024-01-01,CHA003,WALL_SHELF,W11,NORMAL,1,2.78,120,230,2.76
2024-01-01,CHA003,WALL_SHELF,W12,NORMAL,1,2.78,120,230,2.76
2024-01-01,CHA003,WALL_SHELF,W13,NORMAL,1,2.78,120,230,2.76
2024-01-01,CHA003,WALL_SHELF,W14,NORMAL,1,2.78,120,230,2.76
2024-01-01,CHA003,WALL_SHELF,W15,NORMAL,1,2.78,120,230,2.76
2024-01-01,CHA003,WALL_SHELF,W16,NORMAL,1,1.28,120,230,2.76
2024-01-01,CHA003,WALL_SHELF,W17,NORMAL,1,1.28,120,230,2.76
2024-01-01,CHA003,WALL_SHELF,W18,NORMAL,1,1.28,120,230,2.76
2024-01-01,CHA003,WALL_SHELF,W19,NORMAL,1,1.28,120,230,2.76
2024-01-01,CHA003,WALL_SHELF,W2,NORMAL,1,2.78,140,180,2.52
2024-01-01,CHA003,WALL_SHELF,W20,NORMAL,1,1.28,120,230,2.76
2024-01-01,CHA003,WALL_SHELF,W21,NORMAL,1,1.28,120,230,2.76
2024-01-01,CHA003,WALL_SHELF,W22,NORMAL,1,1.28,120,230,2.76
2024-01-01,CHA003,WALL_SHELF,W23,NORMAL,1,1.28,120,230,2.76
2024-01-01,CHA003,WALL_SHELF,W24,NORMAL,1,1.28,120,230,2.76
2024-01-01,CHA003,WALL_SHELF,W25,NORMAL,1,1.28,120,230,2.76
2024-01-01,CHA003,WALL_SHELF,W26,NORMAL,1,1.28,120,230,2.76
2024-01-01,CHA003,WALL_SHELF,W27,NORMAL,1,1.28,120,220,2.64
2024-01-01,CHA003,WALL_SHELF,W28,NORMAL,1,1.28,120,230,2.76
2024-01-01,CHA003,WALL_SHELF,W29,NORMAL,1,1.28,120,230,2.76
2024-01-01,CHA003,WALL_SHELF,W3,NORMAL,1,2.78,120,230,2.76
2024-01-01,CHA003,WALL_SHELF,W30,NORMAL,1,1.28,120,230,2.76
2024-01-01,CHA003,WALL_SHELF,W31,NORMAL,1,1.28,120,230,2.76
2024-01-01,CHA003,WALL_SHELF,W32,NORMAL,1,1.28,120,230,2.76
2024-01-01,CHA003,WALL_SHELF,W33,NORMAL,1,1.28,120,230,2.76
2024-01-01,CHA003,WALL_SHELF,W34,NORMAL,1,1.28,120,230,2.76
2024-01-01,CHA003,WALL_SHELF,W35,NORMAL,1,1.28,120,230,2.76
2024-01-01,CHA003,WALL_SHELF,W36,NORMAL,1,1.28,120,230,2.76
2024-01-01,CHA003,WALL_SHELF,W37,NORMAL,1,1.28,120,230,2.76
2024-01-01,CHA003,WALL_SHELF,W38,NORMAL,1,1.28,120,230,2.76
2024-01-01,CHA003,WALL_SHELF,W39,NORMAL,1,1.28,120,230,2.76
2024-01-01,CHA003,WALL_SHELF,W4,NORMAL,1,2.78,120,230,2.76
2024-01-01,CHA003,WALL_SHELF,W40,NORMAL,1,1.28,120,230,2.76
2024-01-01,CHA003,WALL_SHELF,W41,NORMAL,1,1.28,120,230,2.76
2024-01-01,CHA003,WALL_SHELF,W42,NORMAL,1,1.28,120,230,2.76
2024-01-01,CHA003,WALL_SHELF,W43,NORMAL,1,1.28,100,220,2.20
2024-01-01,CHA003,WALL_SHELF,W44,NORMAL,1,1.28,120,230,2.76
2024-01-01,CHA003,WALL_SHELF,W45,NORMAL,1,1.28,120,230,2.76
2024-01-01,CHA003,WALL_SHELF,W46,NORMAL,1,1.28,120,230,2.76
2024-01-01,CHA003,WALL_SHELF,W47,NORMAL,1,1.28,120,230,2.76
2024-01-01,CHA003,WALL_SHELF,W48,NORMAL,1,1.28,120,230,2.76
2024-01-01,CHA003,WALL_SHELF,W49,NORMAL,1,1.28,120,230,2.76
2024-01-01,CHA003,WALL_SHELF,W5,NORMAL,1,2.78,120,230,2.76
2024-01-01,CHA003,WALL_SHELF,W6,NORMAL,1,2.78,120,230,2.76
2024-01-01,CHA003,WALL_SHELF,W7,NORMAL,1,2.78,120,230,2.76
2024-01-01,CHA003,WALL_SHELF,W8,NORMAL,1,2.78,120,230,2.76
2024-01-01,CHA003,WALL_SHELF,W9,NORMAL,1,2.78,120,230,2.76
2024-01-01,CHA009,CABINET,BATTERY_CABINET,NORMAL,1,1.00,30,50,0.15
2024-01-01,CHA009,CASHIER_COUNTER,CASHIER_FRONT,NORMAL,1,1.82,190,80,1.52
2024-01-01,CHA009,FLOOR,FLOOR,NORMAL,1,1.00,2022,100,20.22
2024-01-01,CHA009,GONDOLA,G10,NORMAL,1,1.25,120,120,1.44
2024-01-01,CHA009,GONDOLA,G11,NORMAL,1,1.25,120,120,1.44
2024-01-01,CHA009,GONDOLA,G12,NORMAL,1,1.25,120,120,1.44
2024-01-01,CHA009,GONDOLA,G13,NORMAL,1,1.00,120,120,1.44
2024-01-01,CHA009,GONDOLA,G14,NORMAL,1,1.25,80,120,0.96
2024-01-01,CHA009,GONDOLA,G15,NORMAL,1,1.25,80,120,0.96
2024-01-01,CHA009,GONDOLA,G16,NORMAL,1,1.25,120,120,1.44
2024-01-01,CHA009,GONDOLA,G17,NORMAL,1,1.25,120,120,1.44
2024-01-01,CHA009,GONDOLA,G18,NORMAL,1,1.25,120,120,1.44
2024-01-01,CHA009,GONDOLA,G19,NORMAL,1,1.25,120,120,1.44
2024-01-01,CHA009,GONDOLA,G20,NORMAL,1,1.25,80,120,0.96
2024-01-01,CHA009,GONDOLA,G21,NORMAL,1,1.25,80,120,0.96
2024-01-01,CHA009,GONDOLA,G22,NORMAL,1,1.25,120,120,1.44
2024-01-01,CHA009,GONDOLA,G23,NORMAL,1,1.25,120,120,1.44
2024-01-01,CHA009,GONDOLA,G24,NORMAL,1,1.25,120,120,1.44
2024-01-01,CHA009,GONDOLA,G25,NORMAL,1,1.25,120,120,1.44
2024-01-01,CHA009,GONDOLA,G26,NORMAL,1,1.25,80,120,0.96
2024-01-01,CHA009,GONDOLA,G27,NORMAL,1,1.25,80,120,0.96
2024-01-01,CHA009,GONDOLA,G28,NORMAL,1,1.25,120,120,1.44
2024-01-01,CHA009,GONDOLA,G29,NORMAL,1,1.25,120,120,1.44
2024-01-01,CHA009,GONDOLA,G3,NORMAL,1,1.25,80,120,0.96
2024-01-01,CHA009,GONDOLA,G30,NORMAL,1,1.25,120,120,1.44
2024-01-01,CHA009,GONDOLA,G31,NORMAL,1,1.25,120,120,1.44
2024-01-01,CHA009,GONDOLA,G32,NORMAL,1,1.25,80,120,0.96
2024-01-01,CHA009,GONDOLA,G4,NORMAL,1,1.25,120,120,1.44
2024-01-01,CHA009,GONDOLA,G5,NORMAL,1,1.25,120,120,1.44
2024-01-01,CHA009,GONDOLA,G6,NORMAL,1,1.25,120,120,1.44
2024-01-01,CHA009,GONDOLA,G7,NORMAL,1,1.25,120,120,1.44
2024-01-01,CHA009,GONDOLA,G8,NORMAL,1,1.25,80,120,0.96
2024-01-01,CHA009,GONDOLA,G9,NORMAL,1,1.25,80,120,0.96
2024-01-01,CHA009,GONDOLA,GP1,HOT&NEW,1,1.25,80,120,0.96
2024-01-01,CHA009,GONDOLA,GP2,HOT&NEW,1,1.25,80,120,0.96
2024-01-01,CHA009,TREE_DISPLAY,TREE_DISNEY_DIECAST,NORMAL,1,1.25,40,100,0.40
2024-01-01,CHA009,TREE_DISPLAY,TREE_HW,NORMAL,1,1.14,120,100,1.20
2024-01-01,CHA009,TREE_DISPLAY,TREE_PLAYDOH,NORMAL,1,1.00,157,50,0.79
2024-01-01,CHA009,TREE_DISPLAY,TREE_SIKU,NORMAL,1,1.11,120,100,1.20
2024-01-01,CHA009,WALL_SHELF,W1,NORMAL,1,1.28,120,130,1.56
2024-01-01,CHA009,WALL_SHELF,W10,NORMAL,1,1.28,120,215,2.58
2024-01-01,CHA009,WALL_SHELF,W11,NORMAL,1,1.28,120,215,2.58
2024-01-01,CHA009,WALL_SHELF,W12,NORMAL,1,1.28,120,215,2.58
2024-01-01,CHA009,WALL_SHELF,W13,NORMAL,1,1.28,120,215,2.58
2024-01-01,CHA009,WALL_SHELF,W14,NORMAL,1,1.28,120,215,2.58
2024-01-01,CHA009,WALL_SHELF,W15,NORMAL,1,1.28,120,215,2.58
2024-01-01,CHA009,WALL_SHELF,W16,NORMAL,1,1.28,120,215,2.58
2024-01-01,CHA009,WALL_SHELF,W17,NORMAL,1,1.28,120,215,2.58
2024-01-01,CHA009,WALL_SHELF,W18,NORMAL,1,1.28,120,215,2.58
2024-01-01,CHA009,WALL_SHELF,W19,NORMAL,1,1.28,150,190,2.85
2024-01-01,CHA009,WALL_SHELF,W2,NORMAL,1,1.28,120,130,1.56
2024-01-01,CHA009,WALL_SHELF,W20,NORMAL,1,1.28,120,215,2.58
2024-01-01,CHA009,WALL_SHELF,W3,NORMAL,1,1.28,240,215,5.16
2024-01-01,CHA009,WALL_SHELF,W4,NORMAL,1,1.28,120,215,2.58
2024-01-01,CHA009,WALL_SHELF,W5,NORMAL,1,1.28,120,215,2.58
2024-01-01,CHA009,WALL_SHELF,W6,NORMAL,1,1.28,120,215,2.58
2024-01-01,CHA009,WALL_SHELF,W7,NORMAL,1,1.28,120,215,2.58
2024-01-01,CHA009,WALL_SHELF,W8,NORMAL,1,1.28,120,215,2.58
2024-01-01,CHA009,WALL_SHELF,W9,NORMAL,1,1.28,120,215,2.58
2024-01-01,CHA017,CASHIER_COUNTER,CASHIER_BACK,NORMAL,1,1.75,130,110,1.43
2024-01-01,CHA017,CASHIER_COUNTER,CASHIER_FRONT,NORMAL,1,1.82,150,50,0.75
2024-01-01,CHA017,FLOOR,FLOOR,NORMAL,1,1.00,944,100,9.44
2024-01-01,CHA017,GONDOLA,G10,NORMAL,1,1.25,120,120,1.44
2024-01-01,CHA017,GONDOLA,G11,NORMAL,1,1.25,120,120,1.44
2024-01-01,CHA017,GONDOLA,G12,NORMAL,1,1.25,120,120,1.44
2024-01-01,CHA017,GONDOLA,G13,NORMAL,1,1.25,120,120,1.44
2024-01-01,CHA017,GONDOLA,G14,NORMAL,1,1.25,120,120,1.44
2024-01-01,CHA017,GONDOLA,G15,NORMAL,1,1.25,120,120,1.44
2024-01-01,CHA017,GONDOLA,G16,NORMAL,1,1.25,90,120,1.08
2024-01-01,CHA017,GONDOLA,G2,NORMAL,1,1.25,120,120,1.44
2024-01-01,CHA017,GONDOLA,G3,NORMAL,1,1.25,120,120,1.44
2024-01-01,CHA017,GONDOLA,G4,NORMAL,1,1.25,120,120,1.44
2024-01-01,CHA017,GONDOLA,G5,NORMAL,1,1.25,120,120,1.44
2024-01-01,CHA017,GONDOLA,G6,NORMAL,1,1.25,120,120,1.44
2024-01-01,CHA017,GONDOLA,G7,NORMAL,1,1.25,120,120,1.44
2024-01-01,CHA017,GONDOLA,G8,NORMAL,1,1.25,90,120,1.08
2024-01-01,CHA017,GONDOLA,G9,NORMAL,1,1.25,90,120,1.08
2024-01-01,CHA017,GONDOLA,GP1,NORMAL,1,1.25,90,120,1.08
2024-01-01,CHA017,ISLAND_DISPLAY,IP1,PROMOTION,1,1.00,295,100,2.95
2024-01-01,CHA017,TREE_DISPLAY,TREE_DISNEY_DIECAST,NORMAL,1,1.25,40,100,0.40
2024-01-01,CHA017,TREE_DISPLAY,TREE_DISNEY_PLUSH,NORMAL,1,1.54,157,150,2.36
2024-01-01,CHA017,TREE_DISPLAY,TREE_HW,NORMAL,1,1.14,120,100,1.20
2024-01-01,CHA017,TREE_DISPLAY,TREE_PLAYDOH,NORMAL,1,1.00,157,50,0.79
2024-01-01,CHA017,WALL_SHELF,W1,NORMAL,1,1.28,120,220,2.64
2024-01-01,CHA017,WALL_SHELF,W10,NORMAL,1,1.28,120,220,2.64
2024-01-01,CHA017,WALL_SHELF,W11,NORMAL,1,1.28,120,220,2.64
2024-01-01,CHA017,WALL_SHELF,W12,NORMAL,1,1.28,120,220,2.64
2024-01-01,CHA017,WALL_SHELF,W13,NORMAL,1,1.28,90,220,1.98
2024-01-01,CHA017,WALL_SHELF,W14,NORMAL,1,1.28,90,220,1.98
2024-01-01,CHA017,WALL_SHELF,W15,NORMAL,1,1.28,90,220,1.98
2024-01-01,CHA017,WALL_SHELF,W16,NORMAL,1,1.28,90,220,1.98
2024-01-01,CHA017,WALL_SHELF,W17,NORMAL,1,1.28,120,220,2.64
2024-01-01,CHA017,WALL_SHELF,W18,NORMAL,1,1.28,120,220,2.64
2024-01-01,CHA017,WALL_SHELF,W19,NORMAL,1,1.28,120,220,2.64
2024-01-01,CHA017,WALL_SHELF,W2,NORMAL,1,1.28,120,220,2.64
2024-01-01,CHA017,WALL_SHELF,W20,NORMAL,1,1.28,120,220,2.64
2024-01-01,CHA017,WALL_SHELF,W21,NORMAL,1,1.28,120,220,2.64
2024-01-01,CHA017,WALL_SHELF,W22,NORMAL,1,1.28,120,220,2.64
2024-01-01,CHA017,WALL_SHELF,W23,NORMAL,1,1.28,120,220,2.64
2024-01-01,CHA017,WALL_SHELF,W24,NORMAL,1,1.28,90,220,1.98
2024-01-01,CHA017,WALL_SHELF,W25,NORMAL,1,1.28,90,220,1.98
2024-01-01,CHA017,WALL_SHELF,W26,NORMAL,1,1.28,90,220,1.98
2024-01-01,CHA017,WALL_SHELF,W27,NORMAL,1,1.28,120,220,2.64
2024-01-01,CHA017,WALL_SHELF,W28,NORMAL,1,1.28,140,220,3.08
2024-01-01,CHA017,WALL_SHELF,W3,NORMAL,1,1.28,120,220,2.64
2024-01-01,CHA017,WALL_SHELF,W4,NORMAL,1,1.28,120,220,2.64
2024-01-01,CHA017,WALL_SHELF,W5,NORMAL,1,1.28,120,220,2.64
2024-01-01,CHA017,WALL_SHELF,W6,NORMAL,1,1.28,120,220,2.64
2024-01-01,CHA017,WALL_SHELF,W7,NORMAL,1,1.28,120,220,2.64
2024-01-01,CHA017,WALL_SHELF,W8,NORMAL,1,1.28,120,220,2.64
2024-01-01,CHA017,WALL_SHELF,W9,NORMAL,1,1.28,120,220,2.64
2024-01-01,CHA031,CASHIER_COUNTER,CASHIER_BACK,NORMAL,1,1.75,150,320,4.80
2024-01-01,CHA031,CASHIER_COUNTER,CASHIER_FRONT,NORMAL,1,1.82,105,90,0.95
2024-01-01,CHA031,FLOOR,FLOOR,NORMAL,1,1.00,475,100,4.75
2024-01-01,CHA031,GONDOLA,G1,NORMAL,1,1.25,90,120,1.08
2024-01-01,CHA031,GONDOLA,G10,NORMAL,1,1.25,120,120,1.44
2024-01-01,CHA031,GONDOLA,G11,NORMAL,1,1.25,120,120,1.44
2024-01-01,CHA031,GONDOLA,G12,NORMAL,1,1.25,90,120,1.08
2024-01-01,CHA031,GONDOLA,G13,NORMAL,1,1.25,90,120,1.08
2024-01-01,CHA031,GONDOLA,G14,NORMAL,1,1.25,120,120,1.44
2024-01-01,CHA031,GONDOLA,G15,NORMAL,1,1.25,120,120,1.44
2024-01-01,CHA031,GONDOLA,G16,NORMAL,1,1.25,120,120,1.44
2024-01-01,CHA031,GONDOLA,G17,NORMAL,1,1.25,120,120,1.44
2024-01-01,CHA031,GONDOLA,G18,NORMAL,1,1.25,120,120,1.44
2024-01-01,CHA031,GONDOLA,G19,NORMAL,1,1.25,120,120,1.44
2024-01-01,CHA031,GONDOLA,G2,NORMAL,1,1.25,120,120,1.44
2024-01-01,CHA031,GONDOLA,G20,NORMAL,1,1.25,90,120,1.08
2024-01-01,CHA031,GONDOLA,G21,NORMAL,1,1.25,90,120,1.08
2024-01-01,CHA031,GONDOLA,G22,NORMAL,1,1.25,120,120,1.44
2024-01-01,CHA031,GONDOLA,G23,NORMAL,1,1.25,120,120,1.44
2024-01-01,CHA031,GONDOLA,G24,NORMAL,1,1.25,120,120,1.44
2024-01-01,CHA031,GONDOLA,G25,NORMAL,1,1.25,120,120,1.44
2024-01-01,CHA031,GONDOLA,G26,NORMAL,1,1.25,90,120,1.08
2024-01-01,CHA031,GONDOLA,G27,NORMAL,1,1.25,90,120,1.08
2024-01-01,CHA031,GONDOLA,G28,NORMAL,1,1.25,120,120,1.44
2024-01-01,CHA031,GONDOLA,G29,NORMAL,1,1.25,120,120,1.44
2024-01-01,CHA031,GONDOLA,G3,NORMAL,1,1.25,120,120,1.44
2024-01-01,CHA031,GONDOLA,G30,NORMAL,1,1.25,120,120,1.44
2024-01-01,CHA031,GONDOLA,G31,NORMAL,1,1.25,120,120,1.44
2024-01-01,CHA031,GONDOLA,G32,NORMAL,1,1.25,120,120,1.44
2024-01-01,CHA031,GONDOLA,G33,NORMAL,1,1.25,120,120,1.44
2024-01-01,CHA031,GONDOLA,G34,NORMAL,1,1.25,90,120,1.08
2024-01-01,CHA031,GONDOLA,G35,NORMAL,1,1.25,90,120,1.08
2024-01-01,CHA031,GONDOLA,G36,NORMAL,1,1.25,120,120,1.44
2024-01-01,CHA031,GONDOLA,G37,NORMAL,1,1.25,120,120,1.44
2024-01-01,CHA031,GONDOLA,G38,NORMAL,1,1.25,120,120,1.44
2024-01-01,CHA031,GONDOLA,G39,NORMAL,1,1.25,120,120,1.44
2024-01-01,CHA031,GONDOLA,G4,NORMAL,1,1.25,120,120,1.44
2024-01-01,CHA031,GONDOLA,G40,NORMAL,1,1.25,120,120,1.44
2024-01-01,CHA031,GONDOLA,G41,NORMAL,1,1.25,120,120,1.44
2024-01-01,CHA031,GONDOLA,G42,NORMAL,1,1.25,90,120,1.08
2024-01-01,CHA031,GONDOLA,G43,NORMAL,1,1.25,90,120,1.08
2024-01-01,CHA031,GONDOLA,G44,NORMAL,1,1.25,120,120,1.44
2024-01-01,CHA031,GONDOLA,G45,NORMAL,1,1.25,120,120,1.44
2024-01-01,CHA031,GONDOLA,G46,NORMAL,1,1.25,120,120,1.44
2024-01-01,CHA031,GONDOLA,G47,NORMAL,1,1.25,120,120,1.44
2024-01-01,CHA031,GONDOLA,G48,NORMAL,1,1.25,90,120,1.08
2024-01-01,CHA031,GONDOLA,G5,NORMAL,1,1.25,120,120,1.44
2024-01-01,CHA031,GONDOLA,G6,NORMAL,1,1.25,90,120,1.08
2024-01-01,CHA031,GONDOLA,G7,NORMAL,1,1.25,90,120,1.08
2024-01-01,CHA031,GONDOLA,G8,NORMAL,1,1.25,120,120,1.44
2024-01-01,CHA031,GONDOLA,G9,NORMAL,1,1.25,120,120,1.44
2024-01-01,CHA031,ISLAND_DISPLAY,IP1,PROMOTION,1,1.00,320,80,2.56
2024-01-01,CHA031,PALLET_DISPLAY,P1,NORMAL,1,1.00,80,120,0.96
2024-01-01,CHA031,PALLET_DISPLAY,P2,NORMAL,1,1.00,80,120,0.96
2024-01-01,CHA031,PALLET_DISPLAY,P3,NORMAL,1,1.00,80,120,0.96
2024-01-01,CHA031,TREE_DISPLAY,TREE_DISNEY_DIECAST,NORMAL,1,1.25,40,100,0.40
2024-01-01,CHA031,TREE_DISPLAY,TREE_HW,NORMAL,1,1.14,120,100,1.20
2024-01-01,CHA031,TREE_DISPLAY,TREE_PLAYDOH,NORMAL,1,1.00,157,50,0.79
2024-01-01,CHA031,TREE_DISPLAY,TREE_SIKU,NORMAL,1,1.11,120,100,1.20
2024-01-01,CHA031,WALL_SHELF,W1,NORMAL,1,1.28,120,220,2.64
2024-01-01,CHA031,WALL_SHELF,W10,NORMAL,1,1.28,120,220,2.64
2024-01-01,CHA031,WALL_SHELF,W11,NORMAL,1,1.28,120,220,2.64
2024-01-01,CHA031,WALL_SHELF,W12,NORMAL,1,1.28,90,220,1.98
2024-01-01,CHA031,WALL_SHELF,W13,NORMAL,1,1.28,90,220,1.98
2024-01-01,CHA031,WALL_SHELF,W14,NORMAL,1,1.28,120,220,2.64
2024-01-01,CHA031,WALL_SHELF,W15,NORMAL,1,1.28,90,220,1.98
2024-01-01,CHA031,WALL_SHELF,W16,NORMAL,1,1.28,90,220,1.98
2024-01-01,CHA031,WALL_SHELF,W17,NORMAL,1,1.28,120,220,2.64
2024-01-01,CHA031,WALL_SHELF,W18,NORMAL,1,1.28,90,220,1.98
2024-01-01,CHA031,WALL_SHELF,W19,NORMAL,1,1.28,90,220,1.98
2024-01-01,CHA031,WALL_SHELF,W2,NORMAL,1,1.28,90,220,1.98
2024-01-01,CHA031,WALL_SHELF,W20,NORMAL,1,1.28,90,220,1.98
2024-01-01,CHA031,WALL_SHELF,W21,NORMAL,1,1.28,90,220,1.98
2024-01-01,CHA031,WALL_SHELF,W22,NORMAL,1,1.28,90,220,1.98
2024-01-01,CHA031,WALL_SHELF,W23,NORMAL,1,1.28,120,220,2.64
2024-01-01,CHA031,WALL_SHELF,W24,NORMAL,1,1.28,120,220,2.64
2024-01-01,CHA031,WALL_SHELF,W25,NORMAL,1,1.28,120,220,2.64
2024-01-01,CHA031,WALL_SHELF,W26,NORMAL,1,1.28,120,220,2.64
2024-01-01,CHA031,WALL_SHELF,W3,NORMAL,1,1.28,90,220,1.98
2024-01-01,CHA031,WALL_SHELF,W4,NORMAL,1,1.28,90,220,1.98
2024-01-01,CHA031,WALL_SHELF,W5,NORMAL,1,1.28,90,220,1.98
2024-01-01,CHA031,WALL_SHELF,W6,NORMAL,1,1.28,120,220,2.64
2024-01-01,CHA031,WALL_SHELF,W7,NORMAL,1,1.28,120,220,2.64
2024-01-01,CHA031,WALL_SHELF,W8,NORMAL,1,1.28,90,220,1.98
2024-01-01,CHA031,WALL_SHELF,W9,NORMAL,1,1.28,90,220,1.98
2024-01-01,CHA031,WALL_SHELF,WH1,NORMAL,1,1.28,120,30,0.36
2024-01-01,CHA031,WALL_SHELF,WH2,NORMAL,1,1.28,100,70,0.70
2024-01-01,CHA031,WALL_SHELF,WP1,NORMAL,1,1.28,120,220,2.64
2024-01-01,CHA040,CASHIER_COUNTER,CASHIER_FRONT,NORMAL,1,1.82,150,120,1.80
2024-01-01,CHA040,FLOOR,FLOOR,NORMAL,1,1.00,496,100,4.96
2024-01-01,CHA040,GONDOLA,G10,NORMAL,1,1.25,90,120,1.08
2024-01-01,CHA040,GONDOLA,G11,NORMAL,1,1.25,90,120,1.08
2024-01-01,CHA040,GONDOLA,G12,NORMAL,1,1.25,120,120,1.44
2024-01-01,CHA040,GONDOLA,G13,NORMAL,1,1.25,120,120,1.44
2024-01-01,CHA040,GONDOLA,G14,NORMAL,1,1.25,120,120,1.44
2024-01-01,CHA040,GONDOLA,G15,NORMAL,1,1.25,120,120,1.44
2024-01-01,CHA040,GONDOLA,G16,NORMAL,1,1.25,90,120,1.08
2024-01-01,CHA040,GONDOLA,G17,NORMAL,1,1.25,90,120,1.08
2024-01-01,CHA040,GONDOLA,G18,NORMAL,1,1.25,120,120,1.44
2024-01-01,CHA040,GONDOLA,G19,NORMAL,1,1.25,120,120,1.44
2024-01-01,CHA040,GONDOLA,G20,NORMAL,1,1.25,120,120,1.44
2024-01-01,CHA040,GONDOLA,G21,NORMAL,1,1.25,120,120,1.44
2024-01-01,CHA040,GONDOLA,G22,NORMAL,1,1.25,90,120,1.08
2024-01-01,CHA040,GONDOLA,G23,NORMAL,1,1.25,90,120,1.08
2024-01-01,CHA040,GONDOLA,G24,NORMAL,1,1.25,120,120,1.44
2024-01-01,CHA040,GONDOLA,G25,NORMAL,1,1.25,120,120,1.44
2024-01-01,CHA040,GONDOLA,G26,NORMAL,1,1.25,120,120,1.44
2024-01-01,CHA040,GONDOLA,G27,NORMAL,1,1.25,120,120,1.44
2024-01-01,CHA040,GONDOLA,G28,NORMAL,1,1.25,90,120,1.08
2024-01-01,CHA040,GONDOLA,G29,NORMAL,1,1.25,90,120,1.08
2024-01-01,CHA040,GONDOLA,G3,NORMAL,1,1.25,90,120,1.08
2024-01-01,CHA040,GONDOLA,G30,NORMAL,1,1.25,120,120,1.44
2024-01-01,CHA040,GONDOLA,G31,NORMAL,1,1.25,120,120,1.44
2024-01-01,CHA040,GONDOLA,G32,NORMAL,1,1.25,120,120,1.44
2024-01-01,CHA040,GONDOLA,G33,NORMAL,1,1.25,120,120,1.44
2024-01-01,CHA040,GONDOLA,G34,NORMAL,1,1.25,90,120,1.08
2024-01-01,CHA040,GONDOLA,G35,NORMAL,1,1.25,90,120,1.08
2024-01-01,CHA040,GONDOLA,G36,NORMAL,1,1.25,120,120,1.44
2024-01-01,CHA040,GONDOLA,G37,NORMAL,1,1.25,120,120,1.44
2024-01-01,CHA040,GONDOLA,G38,NORMAL,1,1.25,90,120,1.08
2024-01-01,CHA040,GONDOLA,G39,NORMAL,1,1.25,90,120,1.08
2024-01-01,CHA040,GONDOLA,G4,NORMAL,1,1.25,90,120,1.08
2024-01-01,CHA040,GONDOLA,G40,NORMAL,1,1.25,120,120,1.44
2024-01-01,CHA040,GONDOLA,G41,NORMAL,1,1.25,120,120,1.44
2024-01-01,CHA040,GONDOLA,G42,NORMAL,1,1.25,90,120,1.08
2024-01-01,CHA040,GONDOLA,G43,NORMAL,1,1.25,360,145,5.22
2024-01-01,CHA040,GONDOLA,G44,NORMAL,1,1.25,90,120,1.08
2024-01-01,CHA040,GONDOLA,G45,NORMAL,1,1.25,90,120,1.08
2024-01-01,CHA040,GONDOLA,G46,NORMAL,1,1.25,420,160,6.72
2024-01-01,CHA040,GONDOLA,G47,NORMAL,1,1.25,90,120,1.08
2024-01-01,CHA040,GONDOLA,G48,NORMAL,1,1.25,120,120,1.44
2024-01-01,CHA040,GONDOLA,G49,NORMAL,1,1.25,120,120,1.44
2024-01-01,CHA040,GONDOLA,G5,NORMAL,1,1.25,90,120,1.08
2024-01-01,CHA040,GONDOLA,G50,NORMAL,1,1.25,120,120,1.44
2024-01-01,CHA040,GONDOLA,G51,NORMAL,1,1.25,120,120,1.44
2024-01-01,CHA040,GONDOLA,G52,NORMAL,1,1.25,90,120,1.08
2024-01-01,CHA040,GONDOLA,G53,NORMAL,1,1.25,90,120,1.08
2024-01-01,CHA040,GONDOLA,G54,NORMAL,1,1.25,120,120,1.44
2024-01-01,CHA040,GONDOLA,G55,NORMAL,1,1.25,120,120,1.44
2024-01-01,CHA040,GONDOLA,G56,NORMAL,1,1.25,90,120,1.08
2024-01-01,CHA040,GONDOLA,G57,NORMAL,1,1.25,90,120,1.08
2024-01-01,CHA040,GONDOLA,G58,NORMAL,1,1.25,120,120,1.44
2024-01-01,CHA040,GONDOLA,G59,NORMAL,1,1.25,120,120,1.44
2024-01-01,CHA040,GONDOLA,G6,NORMAL,1,1.25,120,120,1.44
2024-01-01,CHA040,GONDOLA,G60,NORMAL,1,1.25,120,120,1.44
2024-01-01,CHA040,GONDOLA,G61,NORMAL,1,1.25,120,120,1.44
2024-01-01,CHA040,GONDOLA,G62,NORMAL,1,1.25,90,120,1.08
2024-01-01,CHA040,GONDOLA,G63,NORMAL,1,1.25,90,120,1.08
2024-01-01,CHA040,GONDOLA,G64,NORMAL,1,1.25,120,120,1.44
2024-01-01,CHA040,GONDOLA,G65,NORMAL,1,1.25,120,120,1.44
2024-01-01,CHA040,GONDOLA,G66,NORMAL,1,1.25,90,120,1.08
2024-01-01,CHA040,GONDOLA,G67,NORMAL,1,1.25,240,140,3.36
2024-01-01,CHA040,GONDOLA,G68,NORMAL,1,1.25,240,140,3.36
2024-01-01,CHA040,GONDOLA,G69,NORMAL,1,1.25,240,140,3.36
2024-01-01,CHA040,GONDOLA,G7,NORMAL,1,1.25,120,120,1.44
2024-01-01,CHA040,GONDOLA,G70,NORMAL,1,1.25,240,140,3.36
2024-01-01,CHA040,GONDOLA,G71,NORMAL,1,1.25,90,80,0.72
2024-01-01,CHA040,GONDOLA,G72,NORMAL,1,1.25,180,70,1.26
2024-01-01,CHA040,GONDOLA,G73,NORMAL,1,1.25,180,70,1.26
2024-01-01,CHA040,GONDOLA,G74,NORMAL,1,1.25,480,90,4.32
2024-01-01,CHA040,GONDOLA,G8,NORMAL,1,1.25,120,120,1.44
2024-01-01,CHA040,GONDOLA,G9,NORMAL,1,1.25,120,120,1.44
2024-01-01,CHA040,GONDOLA,GP1,HOT&NEW,1,1.25,90,120,1.08
2024-01-01,CHA040,GONDOLA,GP2,HOT&NEW,1,1.25,90,120,1.08
2024-01-01,CHA040,ISLAND_DISPLAY,IP1,PROMOTION,1,1.00,276,100,2.76
2024-01-01,CHA040,ISLAND_DISPLAY,IP3,PROMOTION,1,1.00,212,100,2.12
2024-01-01,CHA040,ISLAND_DISPLAY,IP4,PROMOTION,1,1.00,250,100,2.50
2024-01-01,CHA040,PALLET_DISPLAY,P1,NORMAL,1,1.00,286,100,2.86
2024-01-01,CHA040,PALLET_DISPLAY,P2,NORMAL,1,1.00,369,100,3.69
2024-01-01,CHA040,PALLET_DISPLAY,P3,NORMAL,1,1.00,290,100,2.90
2024-01-01,CHA040,PALLET_DISPLAY,P4,NORMAL,1,1.00,232,100,2.32
2024-01-01,CHA040,PALLET_DISPLAY,P5,NORMAL,1,1.00,431,100,4.31
2024-01-01,CHA040,TREE_DISPLAY,TREE_DISNEY_DIECAST,NORMAL,1,1.25,40,100,0.40
2024-01-01,CHA040,TREE_DISPLAY,TREE_HW1,NORMAL,1,1.14,120,100,1.20
2024-01-01,CHA040,TREE_DISPLAY,TREE_HW2,NORMAL,1,1.14,120,100,1.20
2024-01-01,CHA040,TREE_DISPLAY,TREE_PLAYDOH,NORMAL,1,1.00,157,50,0.79
2024-01-01,CHA040,TREE_DISPLAY,TREE_SIKU,NORMAL,1,1.11,120,100,1.20
2024-01-01,CHA040,WALL_SHELF,W1,NORMAL,1,1.28,90,220,1.98
2024-01-01,CHA040,WALL_SHELF,W10,NORMAL,1,1.28,120,220,2.64
2024-01-01,CHA040,WALL_SHELF,W11,NORMAL,1,1.28,120,220,2.64
2024-01-01,CHA040,WALL_SHELF,W12,NORMAL,1,1.28,120,220,2.64
2024-01-01,CHA040,WALL_SHELF,W13,NORMAL,1,1.28,120,220,2.64
2024-01-01,CHA040,WALL_SHELF,W14,NORMAL,1,1.28,120,220,2.64
2024-01-01,CHA040,WALL_SHELF,W15,NORMAL,1,1.28,120,220,2.64
2024-01-01,CHA040,WALL_SHELF,W16,NORMAL,1,1.28,120,220,2.64
2024-01-01,CHA040,WALL_SHELF,W17,NORMAL,1,1.28,120,220,2.64
2024-01-01,CHA040,WALL_SHELF,W18,NORMAL,1,1.28,120,220,2.64
2024-01-01,CHA040,WALL_SHELF,W19,NORMAL,1,1.28,120,220,2.64
2024-01-01,CHA040,WALL_SHELF,W2,NORMAL,1,1.28,90,220,1.98
2024-01-01,CHA040,WALL_SHELF,W20,NORMAL,1,1.28,120,220,2.64
2024-01-01,CHA040,WALL_SHELF,W21,NORMAL,1,1.28,120,220,2.64
2024-01-01,CHA040,WALL_SHELF,W22,NORMAL,1,1.28,120,220,2.64
2024-01-01,CHA040,WALL_SHELF,W23,NORMAL,1,1.28,120,220,2.64
2024-01-01,CHA040,WALL_SHELF,W24,NORMAL,1,1.28,120,220,2.64
2024-01-01,CHA040,WALL_SHELF,W25,NORMAL,1,1.28,120,220,2.64
2024-01-01,CHA040,WALL_SHELF,W26,NORMAL,1,1.28,120,220,2.64
2024-01-01,CHA040,WALL_SHELF,W27,NORMAL,1,1.28,120,220,2.64
2024-01-01,CHA040,WALL_SHELF,W28,NORMAL,1,1.28,120,220,2.64
2024-01-01,CHA040,WALL_SHELF,W29,NORMAL,1,1.28,120,220,2.64
2024-01-01,CHA040,WALL_SHELF,W3,NORMAL,1,1.28,90,220,1.98
2024-01-01,CHA040,WALL_SHELF,W30,NORMAL,1,1.28,120,220,2.64
2024-01-01,CHA040,WALL_SHELF,W31,NORMAL,1,1.28,120,220,2.64
2024-01-01,CHA040,WALL_SHELF,W32,NORMAL,1,1.28,120,220,2.64
2024-01-01,CHA040,WALL_SHELF,W33,NORMAL,1,1.28,120,220,2.64
2024-01-01,CHA040,WALL_SHELF,W34,NORMAL,1,1.28,120,220,2.64
2024-01-01,CHA040,WALL_SHELF,W35,NORMAL,1,1.28,120,220,2.64
2024-01-01,CHA040,WALL_SHELF,W36,NORMAL,1,1.28,120,220,2.64
2024-01-01,CHA040,WALL_SHELF,W4,NORMAL,1,1.28,120,220,2.64
2024-01-01,CHA040,WALL_SHELF,W5,NORMAL,1,1.28,120,220,2.64
2024-01-01,CHA040,WALL_SHELF,W6,NORMAL,1,1.28,120,220,2.64
2024-01-01,CHA040,WALL_SHELF,W7,NORMAL,1,1.28,120,220,2.64
2024-01-01,CHA040,WALL_SHELF,W8,NORMAL,1,1.28,120,220,2.64
2024-01-01,CHA040,WALL_SHELF,W9,NORMAL,1,1.28,120,220,2.64
2024-01-01,CHA053,CASHIER_COUNTER,CASHIER_BACK,NORMAL,1,1.75,150,120,1.80
2024-01-01,CHA053,CASHIER_COUNTER,CASHIER_FRONT,NORMAL,1,1.82,100,50,0.50
2024-01-01,CHA053,FLOOR,FLOOR,NORMAL,1,1.00,572,100,5.72
2024-01-01,CHA053,GONDOLA,G10,NORMAL,1,1.25,120,120,1.44
2024-01-01,CHA053,GONDOLA,G11,NORMAL,1,1.25,120,120,1.44
2024-01-01,CHA053,GONDOLA,G12,NORMAL,1,1.25,90,120,1.08
2024-01-01,CHA053,GONDOLA,G13,NORMAL,1,1.25,90,120,1.08
2024-01-01,CHA053,GONDOLA,G14,NORMAL,1,1.25,120,120,1.44
2024-01-01,CHA053,GONDOLA,G15,NORMAL,1,1.25,120,120,1.44
2024-01-01,CHA053,GONDOLA,G16,NORMAL,1,1.25,120,120,1.44
2024-01-01,CHA053,GONDOLA,G17,NORMAL,1,1.25,120,120,1.44
2024-01-01,CHA053,GONDOLA,G18,NORMAL,1,1.25,90,120,1.08
2024-01-01,CHA053,GONDOLA,G19,NORMAL,1,1.25,90,120,1.08
2024-01-01,CHA053,GONDOLA,G20,NORMAL,1,1.25,120,120,1.44
2024-01-01,CHA053,GONDOLA,G21,NORMAL,1,1.25,120,120,1.44
2024-01-01,CHA053,GONDOLA,G22,NORMAL,1,1.25,120,120,1.44
2024-01-01,CHA053,GONDOLA,G23,NORMAL,1,1.25,120,120,1.44
2024-01-01,CHA053,GONDOLA,G24,NORMAL,1,1.25,90,120,1.08
2024-01-01,CHA053,GONDOLA,G25,NORMAL,1,1.25,90,120,1.08
2024-01-01,CHA053,GONDOLA,G26,NORMAL,1,1.25,120,120,1.44
2024-01-01,CHA053,GONDOLA,G27,NORMAL,1,1.25,120,120,1.44
2024-01-01,CHA053,GONDOLA,G28,NORMAL,1,1.25,90,120,1.08
2024-01-01,CHA053,GONDOLA,G29,NORMAL,1,1.25,90,120,1.08
2024-01-01,CHA053,GONDOLA,G3,NORMAL,1,1.25,90,120,1.08
2024-01-01,CHA053,GONDOLA,G30,NORMAL,1,1.25,120,120,1.44
2024-01-01,CHA053,GONDOLA,G31,NORMAL,1,1.25,120,120,1.44
2024-01-01,CHA053,GONDOLA,G32,NORMAL,1,1.25,120,120,1.44
2024-01-01,CHA053,GONDOLA,G33,NORMAL,1,1.25,120,120,1.44
2024-01-01,CHA053,GONDOLA,G34,NORMAL,1,1.25,90,120,1.08
2024-01-01,CHA053,GONDOLA,G35,NORMAL,1,1.25,90,120,1.08
2024-01-01,CHA053,GONDOLA,G36,NORMAL,1,1.25,120,120,1.44
2024-01-01,CHA053,GONDOLA,G37,NORMAL,1,1.25,120,120,1.44
2024-01-01,CHA053,GONDOLA,G38,NORMAL,1,1.25,90,120,1.08
2024-01-01,CHA053,GONDOLA,G39,NORMAL,1,1.25,90,120,1.08
2024-01-01,CHA053,GONDOLA,G4,NORMAL,1,1.25,120,120,1.44
2024-01-01,CHA053,GONDOLA,G40,NORMAL,1,1.25,120,120,1.44
2024-01-01,CHA053,GONDOLA,G41,NORMAL,1,1.25,120,120,1.44
2024-01-01,CHA053,GONDOLA,G42,NORMAL,1,1.25,120,120,1.44
2024-01-01,CHA053,GONDOLA,G43,NORMAL,1,1.25,120,120,1.44
2024-01-01,CHA053,GONDOLA,G44,NORMAL,1,1.25,90,120,1.08
2024-01-01,CHA053,GONDOLA,G5,NORMAL,1,1.25,120,120,1.44
2024-01-01,CHA053,GONDOLA,G6,NORMAL,1,1.25,120,120,1.44
2024-01-01,CHA053,GONDOLA,G7,NORMAL,1,1.25,120,120,1.44
2024-01-01,CHA053,GONDOLA,G8,NORMAL,1,1.25,90,120,1.08
2024-01-01,CHA053,GONDOLA,G9,NORMAL,1,1.25,90,120,1.08
2024-01-01,CHA053,GONDOLA,GP1,NORMAL,1,1.25,90,120,1.08
2024-01-01,CHA053,GONDOLA,GP2,NORMAL,1,1.25,90,120,1.08
2024-01-01,CHA053,ISLAND_DISPLAY,IP1,PROMOTION,1,1.00,280,90,2.52
2024-01-01,CHA053,TREE_DISPLAY,TREE_DISNEY_DIECAST,NORMAL,1,1.25,40,100,0.40
2024-01-01,CHA053,TREE_DISPLAY,TREE_PLAYDOH,NORMAL,1,1.00,157,50,0.79
2024-01-01,CHA053,WALL_SHELF,W1,NORMAL,1,1.28,120,220,2.64
2024-01-01,CHA053,WALL_SHELF,W10,NORMAL,1,1.28,120,220,2.64
2024-01-01,CHA053,WALL_SHELF,W11,NORMAL,1,1.28,120,220,2.64
2024-01-01,CHA053,WALL_SHELF,W12,NORMAL,1,1.28,120,220,2.64
2024-01-01,CHA053,WALL_SHELF,W13,NORMAL,1,1.28,120,220,2.64
2024-01-01,CHA053,WALL_SHELF,W14,NORMAL,1,1.28,90,220,1.98
2024-01-01,CHA053,WALL_SHELF,W15,NORMAL,1,1.28,120,220,2.64
2024-01-01,CHA053,WALL_SHELF,W16,NORMAL,1,1.28,120,220,2.64
2024-01-01,CHA053,WALL_SHELF,W17,NORMAL,1,1.28,120,220,2.64
2024-01-01,CHA053,WALL_SHELF,W18,NORMAL,1,1.28,90,220,1.98
2024-01-01,CHA053,WALL_SHELF,W19,NORMAL,1,1.28,90,220,1.98
2024-01-01,CHA053,WALL_SHELF,W2,NORMAL,1,1.28,120,220,2.64
2024-01-01,CHA053,WALL_SHELF,W20,NORMAL,1,1.28,120,220,2.64
2024-01-01,CHA053,WALL_SHELF,W21,NORMAL,1,1.28,120,220,2.64
2024-01-01,CHA053,WALL_SHELF,W22,NORMAL,1,1.28,120,220,2.64
2024-01-01,CHA053,WALL_SHELF,W23,NORMAL,1,1.28,120,220,2.64
2024-01-01,CHA053,WALL_SHELF,W24,NORMAL,1,1.28,120,220,2.64
2024-01-01,CHA053,WALL_SHELF,W25,NORMAL,1,1.28,120,220,2.64
2024-01-01,CHA053,WALL_SHELF,W26,NORMAL,1,1.28,120,220,2.64
2024-01-01,CHA053,WALL_SHELF,W27,NORMAL,1,1.28,120,220,2.64
2024-01-01,CHA053,WALL_SHELF,W28,NORMAL,1,1.28,120,220,2.64
2024-01-01,CHA053,WALL_SHELF,W29,NORMAL,1,1.28,120,220,2.64
2024-01-01,CHA053,WALL_SHELF,W3,NORMAL,1,1.28,120,220,2.64
2024-01-01,CHA053,WALL_SHELF,W30,NORMAL,1,1.28,120,220,2.64
2024-01-01,CHA053,WALL_SHELF,W31,NORMAL,1,1.28,90,220,1.98
2024-01-01,CHA053,WALL_SHELF,W4,NORMAL,1,1.28,120,220,2.64
2024-01-01,CHA053,WALL_SHELF,W5,NORMAL,1,1.28,120,220,2.64
2024-01-01,CHA053,WALL_SHELF,W6,NORMAL,1,1.28,120,220,2.64
2024-01-01,CHA053,WALL_SHELF,W7,NORMAL,1,1.28,120,220,2.64
2024-01-01,CHA053,WALL_SHELF,W8,NORMAL,1,1.28,120,220,2.64
2024-01-01,CHA053,WALL_SHELF,W9,NORMAL,1,1.28,120,220,2.64
2024-01-01,CHA053,WALL_SHELF,WH1,NORMAL,1,1.28,60,150,0.90
2024-01-01,CHA061,CASHIER_COUNTER,CASHIER_BACK,NORMAL,1,1.75,150,120,1.80
2024-01-01,CHA061,CASHIER_COUNTER,CASHIER_FRONT,NORMAL,1,1.82,100,90,0.90
2024-01-01,CHA061,FLOOR,FLOOR,NORMAL,1,1.00,588,100,5.88
2024-01-01,CHA061,GONDOLA,G10,NORMAL,1,1.25,120,120,1.44
2024-01-01,CHA061,GONDOLA,G11,NORMAL,1,1.25,120,120,1.44
2024-01-01,CHA061,GONDOLA,G12,NORMAL,1,1.25,120,120,1.44
2024-01-01,CHA061,GONDOLA,G13,NORMAL,1,1.25,120,120,1.44
2024-01-01,CHA061,GONDOLA,G14,NORMAL,1,1.25,90,120,1.08
2024-01-01,CHA061,GONDOLA,G15,NORMAL,1,1.25,90,120,1.08
2024-01-01,CHA061,GONDOLA,G16,NORMAL,1,1.25,120,120,1.44
2024-01-01,CHA061,GONDOLA,G17,NORMAL,1,1.25,120,120,1.44
2024-01-01,CHA061,GONDOLA,G18,NORMAL,1,1.25,120,120,1.44
2024-01-01,CHA061,GONDOLA,G19,NORMAL,1,1.25,120,120,1.44
2024-01-01,CHA061,GONDOLA,G20,NORMAL,1,1.25,90,120,1.08
2024-01-01,CHA061,GONDOLA,G21,NORMAL,1,1.25,90,120,1.08
2024-01-01,CHA061,GONDOLA,G22,NORMAL,1,1.25,120,120,1.44
2024-01-01,CHA061,GONDOLA,G23,NORMAL,1,1.25,120,120,1.44
2024-01-01,CHA061,GONDOLA,G24,NORMAL,1,1.25,90,120,1.08
2024-01-01,CHA061,GONDOLA,G25,NORMAL,1,1.25,90,120,1.08
2024-01-01,CHA061,GONDOLA,G26,NORMAL,1,1.25,120,120,1.44
2024-01-01,CHA061,GONDOLA,G27,NORMAL,1,1.25,120,120,1.44
2024-01-01,CHA061,GONDOLA,G28,NORMAL,1,1.25,120,120,1.44
2024-01-01,CHA061,GONDOLA,G29,NORMAL,1,1.25,120,120,1.44
2024-01-01,CHA061,GONDOLA,G3,NORMAL,1,1.25,90,120,1.08
2024-01-01,CHA061,GONDOLA,G30,NORMAL,1,1.25,90,120,1.08
2024-01-01,CHA061,GONDOLA,G31,NORMAL,1,1.25,90,120,1.08
2024-01-01,CHA061,GONDOLA,G32,NORMAL,1,1.25,120,120,1.44
2024-01-01,CHA061,GONDOLA,G33,NORMAL,1,1.25,120,120,1.44
2024-01-01,CHA061,GONDOLA,G34,NORMAL,1,1.25,120,120,1.44
2024-01-01,CHA061,GONDOLA,G35,NORMAL,1,1.25,120,120,1.44
2024-01-01,CHA061,GONDOLA,G36,NORMAL,1,1.25,120,120,1.44
2024-01-01,CHA061,GONDOLA,G37,NORMAL,1,1.25,120,120,1.44
2024-01-01,CHA061,GONDOLA,G38,NORMAL,1,1.25,90,120,1.08
2024-01-01,CHA061,GONDOLA,G4,NORMAL,1,1.25,120,120,1.44
2024-01-01,CHA061,GONDOLA,G5,NORMAL,1,1.25,120,120,1.44
2024-01-01,CHA061,GONDOLA,G6,NORMAL,1,1.25,120,120,1.44
2024-01-01,CHA061,GONDOLA,G7,NORMAL,1,1.25,120,120,1.44
2024-01-01,CHA061,GONDOLA,G8,NORMAL,1,1.00,90,120,1.08
2024-01-01,CHA061,GONDOLA,G9,NORMAL,1,1.25,120,120,1.44
2024-01-01,CHA061,GONDOLA,GP1,HOT&NEW,1,1.25,90,120,1.08
2024-01-01,CHA061,GONDOLA,GP2,HOT&NEW,1,1.25,90,120,1.08
2024-01-01,CHA061,ISLAND_DISPLAY,IP1,PROMOTION,1,1.00,360,110,3.96
2024-01-01,CHA061,PALLET_DISPLAY,P1,NORMAL,1,1.00,643,100,6.43
2024-01-01,CHA061,PALLET_DISPLAY,P2,NORMAL,1,1.00,317,100,3.17
2024-01-01,CHA061,TREE_DISPLAY,TREE_DISNEY_DIECAST,NORMAL,1,1.25,40,100,0.40
2024-01-01,CHA061,TREE_DISPLAY,TREE_HW,NORMAL,1,1.14,120,100,1.20
2024-01-01,CHA061,TREE_DISPLAY,TREE_LOL,NORMAL,1,1.47,35,100,0.35
2024-01-01,CHA061,TREE_DISPLAY,TREE_PLAYDOH,NORMAL,1,1.00,157,50,0.79
2024-01-01,CHA061,TREE_DISPLAY,TREE_SIKU,NORMAL,1,1.11,120,100,1.20
2024-01-01,CHA061,WALL_SHELF,W1,NORMAL,1,1.28,120,220,2.64
2024-01-01,CHA061,WALL_SHELF,W10,NORMAL,1,1.28,120,220,2.64
2024-01-01,CHA061,WALL_SHELF,W11,NORMAL,1,1.28,120,220,2.64
2024-01-01,CHA061,WALL_SHELF,W12,NORMAL,1,1.28,120,220,2.64
2024-01-01,CHA061,WALL_SHELF,W13,NORMAL,1,1.28,120,220,2.64
2024-01-01,CHA061,WALL_SHELF,W14,NORMAL,1,1.28,120,220,2.64
2024-01-01,CHA061,WALL_SHELF,W15,NORMAL,1,1.28,120,220,2.64
2024-01-01,CHA061,WALL_SHELF,W16,NORMAL,1,1.28,90,220,1.98
2024-01-01,CHA061,WALL_SHELF,W17,NORMAL,1,1.28,90,220,1.98
2024-01-01,CHA061,WALL_SHELF,W18,NORMAL,1,1.28,120,220,2.64
2024-01-01,CHA061,WALL_SHELF,W19,NORMAL,1,1.28,120,220,2.64
2024-01-01,CHA061,WALL_SHELF,W2,NORMAL,1,1.28,120,220,2.64
2024-01-01,CHA061,WALL_SHELF,W20,NORMAL,1,1.28,120,220,2.64
2024-01-01,CHA061,WALL_SHELF,W21,NORMAL,1,1.28,120,220,2.64
2024-01-01,CHA061,WALL_SHELF,W22,NORMAL,1,1.28,120,220,2.64
2024-01-01,CHA061,WALL_SHELF,W23,NORMAL,1,1.28,120,220,2.64
2024-01-01,CHA061,WALL_SHELF,W24,NORMAL,1,1.28,90,220,1.98
2024-01-01,CHA061,WALL_SHELF,W25,NORMAL,1,1.28,90,220,1.98
2024-01-01,CHA061,WALL_SHELF,W26,NORMAL,1,1.28,120,220,2.64
2024-01-01,CHA061,WALL_SHELF,W27,NORMAL,1,1.28,120,220,2.64
2024-01-01,CHA061,WALL_SHELF,W28,NORMAL,1,1.28,120,220,2.64
2024-01-01,CHA061,WALL_SHELF,W3,NORMAL,1,1.28,120,220,2.64
2024-01-01,CHA061,WALL_SHELF,W4,NORMAL,1,1.28,120,220,2.64
2024-01-01,CHA061,WALL_SHELF,W5,NORMAL,1,1.28,120,220,2.64
2024-01-01,CHA061,WALL_SHELF,W6,NORMAL,1,1.28,120,220,2.64
2024-01-01,CHA061,WALL_SHELF,W7,NORMAL,1,1.28,120,220,2.64
2024-01-01,CHA061,WALL_SHELF,W8,NORMAL,1,1.28,120,220,2.64
2024-01-01,CHA061,WALL_SHELF,W9,NORMAL,1,1.28,120,220,2.64
2024-01-01,CHA082,CASHIER_COUNTER,CASHIER_FRONT,NORMAL,1,1.82,260,70,1.82
2024-01-01,CHA082,FLOOR,FLOOR,NORMAL,1,1.00,1239,100,12.39
2024-01-01,CHA082,GONDOLA,G10,NORMAL,1,1.25,120,120,1.44
2024-01-01,CHA082,GONDOLA,G11,NORMAL,1,1.25,120,120,1.44
2024-01-01,CHA082,GONDOLA,G12,NORMAL,1,1.25,120,120,1.44
2024-01-01,CHA082,GONDOLA,G13,NORMAL,1,1.25,90,120,1.08
2024-01-01,CHA082,GONDOLA,G14,NORMAL,1,1.25,120,120,1.44
2024-01-01,CHA082,GONDOLA,G15,NORMAL,1,1.25,120,120,1.44
2024-01-01,CHA082,GONDOLA,G16,NORMAL,1,1.25,120,120,1.44
2024-01-01,CHA082,GONDOLA,G17,NORMAL,1,1.25,120,120,1.44
2024-01-01,CHA082,GONDOLA,G18,NORMAL,1,1.25,90,120,1.08
2024-01-01,CHA082,GONDOLA,G19,NORMAL,1,1.25,90,120,1.08
2024-01-01,CHA082,GONDOLA,G20,NORMAL,1,1.25,120,120,1.44
2024-01-01,CHA082,GONDOLA,G21,NORMAL,1,1.25,120,120,1.44
2024-01-01,CHA082,GONDOLA,G22,NORMAL,1,1.25,120,120,1.44
2024-01-01,CHA082,GONDOLA,G23,NORMAL,1,1.25,120,120,1.44
2024-01-01,CHA082,GONDOLA,G24,NORMAL,1,1.25,90,120,1.08
2024-01-01,CHA082,GONDOLA,G25,NORMAL,1,1.25,90,120,1.08
2024-01-01,CHA082,GONDOLA,G26,NORMAL,1,1.25,120,120,1.44
2024-01-01,CHA082,GONDOLA,G27,NORMAL,1,1.25,120,120,1.44
2024-01-01,CHA082,GONDOLA,G28,NORMAL,1,1.25,120,120,1.44
2024-01-01,CHA082,GONDOLA,G29,NORMAL,1,1.25,120,120,1.44
2024-01-01,CHA082,GONDOLA,G3,NORMAL,1,1.25,90,120,1.08
2024-01-01,CHA082,GONDOLA,G30,NORMAL,1,1.25,90,120,1.08
2024-01-01,CHA082,GONDOLA,G31,NORMAL,1,1.25,90,120,1.08
2024-01-01,CHA082,GONDOLA,G32,NORMAL,1,1.25,120,120,1.44
2024-01-01,CHA082,GONDOLA,G33,NORMAL,1,1.25,120,120,1.44
2024-01-01,CHA082,GONDOLA,G34,NORMAL,1,1.25,120,120,1.44
2024-01-01,CHA082,GONDOLA,G35,NORMAL,1,1.25,120,120,1.44
2024-01-01,CHA082,GONDOLA,G36,NORMAL,1,1.25,90,120,1.08
2024-01-01,CHA082,GONDOLA,G37,NORMAL,1,1.25,90,120,1.08
2024-01-01,CHA082,GONDOLA,G38,NORMAL,1,1.25,120,120,1.44
2024-01-01,CHA082,GONDOLA,G39,NORMAL,1,1.25,120,120,1.44
2024-01-01,CHA082,GONDOLA,G4,NORMAL,1,1.25,120,120,1.44
2024-01-01,CHA082,GONDOLA,G40,NORMAL,1,1.25,120,120,1.44
2024-01-01,CHA082,GONDOLA,G41,NORMAL,1,1.25,120,120,1.44
2024-01-01,CHA082,GONDOLA,G42,NORMAL,1,1.25,90,120,1.08
2024-01-01,CHA082,GONDOLA,G43,NORMAL,1,1.25,90,120,1.08
2024-01-01,CHA082,GONDOLA,G44,NORMAL,1,1.25,120,120,1.44
2024-01-01,CHA082,GONDOLA,G45,NORMAL,1,1.25,120,120,1.44
2024-01-01,CHA082,GONDOLA,G46,NORMAL,1,1.25,120,120,1.44
2024-01-01,CHA082,GONDOLA,G47,NORMAL,1,1.25,120,120,1.44
2024-01-01,CHA082,GONDOLA,G48,NORMAL,1,1.25,90,120,1.08
2024-01-01,CHA082,GONDOLA,G49,NORMAL,1,1.25,90,120,1.08
2024-01-01,CHA082,GONDOLA,G5,NORMAL,1,1.25,120,120,1.44
2024-01-01,CHA082,GONDOLA,G50,NORMAL,1,1.25,120,120,1.44
2024-01-01,CHA082,GONDOLA,G51,NORMAL,1,1.25,120,120,1.44
2024-01-01,CHA082,GONDOLA,G52,NORMAL,1,1.25,120,120,1.44
2024-01-01,CHA082,GONDOLA,G53,NORMAL,1,1.25,120,120,1.44
2024-01-01,CHA082,GONDOLA,G54,NORMAL,1,1.25,90,120,1.08
2024-01-01,CHA082,GONDOLA,G6,NORMAL,1,1.25,120,120,1.44
2024-01-01,CHA082,GONDOLA,G7,NORMAL,1,1.25,120,120,1.44
2024-01-01,CHA082,GONDOLA,G8,NORMAL,1,1.25,90,120,1.08
2024-01-01,CHA082,GONDOLA,G9,NORMAL,1,1.25,120,120,1.44
2024-01-01,CHA082,GONDOLA,GP1,NORMAL,1,1.25,90,120,1.08
2024-01-01,CHA082,GONDOLA,GP2,NORMAL,1,1.25,90,120,1.08
2024-01-01,CHA082,ISLAND_DISPLAY,IP1,PROMOTION,1,1.00,280,90,2.52
2024-01-01,CHA082,PALLET_DISPLAY,P1+P2+P3,NORMAL,1,1.00,320,150,4.80
2024-01-01,CHA082,TREE_DISPLAY,TREE_DISNEY_DIECAST,NORMAL,1,1.25,40,100,0.40
2024-01-01,CHA082,TREE_DISPLAY,TREE_HW,NORMAL,1,1.14,120,100,1.20
2024-01-01,CHA082,TREE_DISPLAY,TREE_PLAYDOH,NORMAL,1,1.00,157,50,0.79
2024-01-01,CHA082,TREE_DISPLAY,TREE_SIKU,NORMAL,1,1.11,120,100,1.20
2024-01-01,CHA082,WALL_SHELF,W1,NORMAL,1,1.28,120,220,2.64
2024-01-01,CHA082,WALL_SHELF,W10,NORMAL,1,1.28,120,220,2.64
2024-01-01,CHA082,WALL_SHELF,W11,NORMAL,1,1.28,120,220,2.64
2024-01-01,CHA082,WALL_SHELF,W12,NORMAL,1,1.28,120,220,2.64
2024-01-01,CHA082,WALL_SHELF,W13,NORMAL,1,1.28,120,220,2.64
2024-01-01,CHA082,WALL_SHELF,W14,NORMAL,1,1.28,120,220,2.64
2024-01-01,CHA082,WALL_SHELF,W15,NORMAL,1,1.28,120,220,2.64
2024-01-01,CHA082,WALL_SHELF,W16,NORMAL,1,1.28,120,220,2.64
2024-01-01,CHA082,WALL_SHELF,W17,NORMAL,1,1.28,120,220,2.64
2024-01-01,CHA082,WALL_SHELF,W18,NORMAL,1,1.28,120,220,2.64
2024-01-01,CHA082,WALL_SHELF,W19,NORMAL,1,1.28,120,220,2.64
2024-01-01,CHA082,WALL_SHELF,W2,NORMAL,1,1.28,120,220,2.64
2024-01-01,CHA082,WALL_SHELF,W20,NORMAL,1,1.28,120,220,2.64
2024-01-01,CHA082,WALL_SHELF,W21,NORMAL,1,1.28,120,220,2.64
2024-01-01,CHA082,WALL_SHELF,W22,NORMAL,1,1.28,120,220,2.64
2024-01-01,CHA082,WALL_SHELF,W23,NORMAL,1,1.28,120,220,2.64
2024-01-01,CHA082,WALL_SHELF,W24,NORMAL,1,1.28,120,220,2.64
2024-01-01,CHA082,WALL_SHELF,W25,NORMAL,1,1.28,120,220,2.64
2024-01-01,CHA082,WALL_SHELF,W26,NORMAL,1,1.28,120,220,2.64
2024-01-01,CHA082,WALL_SHELF,W27,NORMAL,1,1.28,120,220,2.64
2024-01-01,CHA082,WALL_SHELF,W28,NORMAL,1,1.28,120,220,2.64
2024-01-01,CHA082,WALL_SHELF,W29,NORMAL,1,1.28,120,220,2.64
2024-01-01,CHA082,WALL_SHELF,W3,NORMAL,1,1.28,120,220,2.64
2024-01-01,CHA082,WALL_SHELF,W30,NORMAL,1,1.28,120,220,2.64
2024-01-01,CHA082,WALL_SHELF,W31,NORMAL,1,1.28,120,220,2.64
2024-01-01,CHA082,WALL_SHELF,W32,NORMAL,1,1.28,120,220,2.64
2024-01-01,CHA082,WALL_SHELF,W33,NORMAL,1,1.28,120,220,2.64
2024-01-01,CHA082,WALL_SHELF,W34,NORMAL,1,1.28,120,220,2.64
2024-01-01,CHA082,WALL_SHELF,W35,NORMAL,1,1.28,150,130,1.95
2024-01-01,CHA082,WALL_SHELF,W36,NORMAL,1,2.78,90,200,1.80
2024-01-01,CHA082,WALL_SHELF,W37,NORMAL,1,1.28,200,130,2.60
2024-01-01,CHA082,WALL_SHELF,W38,NORMAL,1,1.28,90,200,1.80
2024-01-01,CHA082,WALL_SHELF,W4,NORMAL,1,1.28,120,220,2.64
2024-01-01,CHA082,WALL_SHELF,W5,NORMAL,1,1.28,120,220,2.64
2024-01-01,CHA082,WALL_SHELF,W6,NORMAL,1,1.28,120,220,2.64
2024-01-01,CHA082,WALL_SHELF,W7,NORMAL,1,1.28,120,220,2.64
2024-01-01,CHA082,WALL_SHELF,W8,NORMAL,1,1.28,120,220,2.64
2024-01-01,CHA082,WALL_SHELF,W9,NORMAL,1,1.28,120,220,2.64
2024-01-01,CHA099,CASHIER_COUNTER,CASHIER_BACK,NORMAL,1,1.75,120,110,1.32
2024-01-01,CHA099,CASHIER_COUNTER,CASHIER_FRONT,NORMAL,1,1.82,120,70,0.84
2024-01-01,CHA099,FLOOR,FLOOR,NORMAL,1,1.00,355,100,3.55
2024-01-01,CHA099,GONDOLA,G10,NORMAL,1,1.25,120,120,1.44
2024-01-01,CHA099,GONDOLA,G11,NORMAL,1,1.25,120,120,1.44
2024-01-01,CHA099,GONDOLA,G12,NORMAL,1,1.25,120,120,1.44
2024-01-01,CHA099,GONDOLA,G13,NORMAL,1,1.25,120,120,1.44
2024-01-01,CHA099,GONDOLA,G14,NORMAL,1,1.25,90,120,1.08
2024-01-01,CHA099,GONDOLA,G2,NORMAL,1,1.25,120,120,1.44
2024-01-01,CHA099,GONDOLA,G3,NORMAL,1,1.25,120,120,1.44
2024-01-01,CHA099,GONDOLA,G4,NORMAL,1,1.25,120,120,1.44
2024-01-01,CHA099,GONDOLA,G5,NORMAL,1,1.25,120,120,1.44
2024-01-01,CHA099,GONDOLA,G6,NORMAL,1,1.25,120,120,1.44
2024-01-01,CHA099,GONDOLA,G7,NORMAL,1,1.25,120,120,1.44
2024-01-01,CHA099,GONDOLA,G9,NORMAL,1,1.25,90,120,1.08
2024-01-01,CHA099,GONDOLA,GP1,HOT&NEW,1,1.25,90,120,1.08
2024-01-01,CHA099,PALLET_DISPLAY,P1,NORMAL,1,1.00,200,100,2.00
2024-01-01,CHA099,WALL_SHELF,W1,NORMAL,1,1.28,120,220,2.64
2024-01-01,CHA099,WALL_SHELF,W10,NORMAL,1,1.28,120,220,2.64
2024-01-01,CHA099,WALL_SHELF,W11,NORMAL,1,1.28,120,220,2.64
2024-01-01,CHA099,WALL_SHELF,W12,NORMAL,1,1.28,90,220,1.98
2024-01-01,CHA099,WALL_SHELF,W13,NORMAL,1,1.28,90,220,1.98
2024-01-01,CHA099,WALL_SHELF,W14,NORMAL,1,1.28,90,220,1.98
2024-01-01,CHA099,WALL_SHELF,W15,NORMAL,1,1.28,120,220,2.64
2024-01-01,CHA099,WALL_SHELF,W16,NORMAL,1,1.28,90,220,1.98
2024-01-01,CHA099,WALL_SHELF,W17,NORMAL,1,1.28,120,220,2.64
2024-01-01,CHA099,WALL_SHELF,W18,NORMAL,1,1.28,90,220,1.98
2024-01-01,CHA099,WALL_SHELF,W19,NORMAL,1,1.28,120,220,2.64
2024-01-01,CHA099,WALL_SHELF,W2,NORMAL,1,1.28,120,220,2.64
2024-01-01,CHA099,WALL_SHELF,W20,NORMAL,1,1.28,120,220,2.64
2024-01-01,CHA099,WALL_SHELF,W21,NORMAL,1,1.28,120,220,2.64
2024-01-01,CHA099,WALL_SHELF,W22,NORMAL,1,1.28,120,220,2.64
2024-01-01,CHA099,WALL_SHELF,W23,NORMAL,1,1.28,120,220,2.64
2024-01-01,CHA099,WALL_SHELF,W24,NORMAL,1,1.28,120,220,2.64
2024-01-01,CHA099,WALL_SHELF,W25,NORMAL,1,1.28,120,220,2.64
2024-01-01,CHA099,WALL_SHELF,W3,NORMAL,1,1.28,120,220,2.64
2024-01-01,CHA099,WALL_SHELF,W4,NORMAL,1,1.28,120,220,2.64
2024-01-01,CHA099,WALL_SHELF,W5,NORMAL,1,1.28,120,220,2.64
2024-01-01,CHA099,WALL_SHELF,W6,NORMAL,1,1.28,120,220,2.64
2024-01-01,CHA099,WALL_SHELF,W7,NORMAL,1,1.28,120,220,2.64
2024-01-01,CHA099,WALL_SHELF,W8,NORMAL,1,1.00,120,220,2.64
2024-01-01,CHA099,WALL_SHELF,W9,NORMAL,1,1.28,120,220,2.64
2024-01-01,CHA099,GONDOLA,G8,NORMAL,1,1.25,90,120,1.08
2024-01-01,CHA099,CABINET,BATTERY_CABINET,NORMAL,1,1.00,30,50,0.15
2024-01-01,CHA099,TREE_DISPLAY,TREE_DISNEY_DIECAST,NORMAL,1,1.25,40,100,0.40
2024-01-01,CHA099,TREE_DISPLAY,TREE_LOL,NORMAL,1,1.47,35,100,0.35
2024-01-01,CHA099,WALL_SHELF,WH1,NORMAL,1,1.28,50,135,0.68
2024-01-01,CHA106,CASHIER_COUNTER,CASHIER_FRONT,NORMAL,1,1.82,100,90,0.90
2024-01-01,CHA106,FLOOR,FLOOR,NORMAL,1,1.00,1440,100,14.40
2024-01-01,CHA106,GONDOLA,G10,NORMAL,1,1.25,90,120,1.08
2024-01-01,CHA106,GONDOLA,G11,NORMAL,1,1.25,90,120,1.08
2024-01-01,CHA106,GONDOLA,G12,NORMAL,1,1.25,120,120,1.44
2024-01-01,CHA106,GONDOLA,G13,NORMAL,1,1.25,120,120,1.44
2024-01-01,CHA106,GONDOLA,G14,NORMAL,1,1.25,90,120,1.08
2024-01-01,CHA106,GONDOLA,G15,NORMAL,1,1.25,90,120,1.08
2024-01-01,CHA106,GONDOLA,G16,NORMAL,1,1.25,120,120,1.44
2024-01-01,CHA106,GONDOLA,G17,NORMAL,1,1.25,120,120,1.44
2024-01-01,CHA106,GONDOLA,G18,NORMAL,1,1.25,90,120,1.08
2024-01-01,CHA106,GONDOLA,G19,NORMAL,1,1.25,90,120,1.08
2024-01-01,CHA106,GONDOLA,G20,NORMAL,1,1.25,120,120,1.44
2024-01-01,CHA106,GONDOLA,G21,NORMAL,1,1.25,120,120,1.44
2024-01-01,CHA106,GONDOLA,G22,NORMAL,1,1.25,90,120,1.08
2024-01-01,CHA106,GONDOLA,G23,NORMAL,1,1.25,90,120,1.08
2024-01-01,CHA106,GONDOLA,G24,NORMAL,1,1.25,120,120,1.44
2024-01-01,CHA106,GONDOLA,G25,NORMAL,1,1.25,120,120,1.44
2024-01-01,CHA106,GONDOLA,G26,NORMAL,1,1.25,90,120,1.08
2024-01-01,CHA106,GONDOLA,G29,NORMAL,1,1.25,120,120,1.44
2024-01-01,CHA106,GONDOLA,G3,NORMAL,1,1.25,90,120,1.08
2024-01-01,CHA106,GONDOLA,G30,NORMAL,1,1.25,120,120,1.44
2024-01-01,CHA106,GONDOLA,G31,NORMAL,1,1.25,120,120,1.44
2024-01-01,CHA106,GONDOLA,G4,NORMAL,1,1.25,120,120,1.44
2024-01-01,CHA106,GONDOLA,G5,NORMAL,1,1.25,120,120,1.44
2024-01-01,CHA106,GONDOLA,G6,NORMAL,1,1.25,90,120,1.08
2024-01-01,CHA106,GONDOLA,G7,NORMAL,1,1.25,90,120,1.08
2024-01-01,CHA106,GONDOLA,G8,NORMAL,1,1.25,120,120,1.44
2024-01-01,CHA106,GONDOLA,G9,NORMAL,1,1.25,120,120,1.44
2024-01-01,CHA106,GONDOLA,GP1,NORMAL,1,1.25,120,120,1.44
2024-01-01,CHA106,GONDOLA,GP2,NORMAL,1,1.25,120,120,1.44
2024-01-01,CHA106,ISLAND_DISPLAY,IP1,PROMOTION,1,1.00,280,70,1.96
2024-01-01,CHA106,PALLET_DISPLAY,P1,NORMAL,1,1.00,248,100,2.48
2024-01-01,CHA106,PALLET_DISPLAY,P2,NORMAL,1,1.00,412,100,4.12
2024-01-01,CHA106,TREE_DISPLAY,TREE_DISNEY_DIECAST,NORMAL,1,1.25,40,100,0.40
2024-01-01,CHA106,TREE_DISPLAY,TREE_HW,NORMAL,1,1.14,120,100,1.20
2024-01-01,CHA106,TREE_DISPLAY,TREE_LOL,NORMAL,1,1.47,35,100,0.35
2024-01-01,CHA106,TREE_DISPLAY,TREE_PLAYDOH,NORMAL,1,1.00,157,50,0.79
2024-01-01,CHA106,TREE_DISPLAY,TREE_SIKU,NORMAL,1,1.11,120,100,1.20
2024-01-01,CHA106,WALL_SHELF,W1,NORMAL,1,1.28,120,220,2.64
2024-01-01,CHA106,WALL_SHELF,W10,NORMAL,1,1.28,120,220,2.64
2024-01-01,CHA106,WALL_SHELF,W11,NORMAL,1,1.28,120,220,2.64
2024-01-01,CHA106,WALL_SHELF,W12,NORMAL,1,1.28,120,220,2.64
2024-01-01,CHA106,WALL_SHELF,W13,NORMAL,1,1.28,120,220,2.64
2024-01-01,CHA106,WALL_SHELF,W14,NORMAL,1,1.28,120,220,2.64
2024-01-01,CHA106,WALL_SHELF,W15,NORMAL,1,1.28,120,220,2.64
2024-01-01,CHA106,WALL_SHELF,W16,NORMAL,1,1.28,120,220,2.64
2024-01-01,CHA106,WALL_SHELF,W17,NORMAL,1,1.28,120,220,2.64
2024-01-01,CHA106,WALL_SHELF,W18,NORMAL,1,1.28,120,220,2.64
2024-01-01,CHA106,WALL_SHELF,W19,NORMAL,1,1.28,120,220,2.64
2024-01-01,CHA106,WALL_SHELF,W2,NORMAL,1,1.28,120,220,2.64
2024-01-01,CHA106,WALL_SHELF,W20,NORMAL,1,1.28,120,220,2.64
2024-01-01,CHA106,WALL_SHELF,W21,NORMAL,1,1.28,120,220,2.64
2024-01-01,CHA106,WALL_SHELF,W22,NORMAL,1,1.28,120,220,2.64
2024-01-01,CHA106,WALL_SHELF,W23,NORMAL,1,1.28,120,220,2.64
2024-01-01,CHA106,WALL_SHELF,W24,NORMAL,1,1.28,120,220,2.64
2024-01-01,CHA106,WALL_SHELF,W25,NORMAL,1,1.28,120,220,2.64
2024-01-01,CHA106,WALL_SHELF,W26,NORMAL,1,1.28,120,220,2.64
2024-01-01,CHA106,WALL_SHELF,W27,NORMAL,1,1.28,120,220,2.64
2024-01-01,CHA106,WALL_SHELF,W28,NORMAL,1,1.28,120,220,2.64
2024-01-01,CHA106,WALL_SHELF,W29,NORMAL,1,1.28,120,220,2.64
2024-01-01,CHA106,WALL_SHELF,W3,NORMAL,1,1.28,120,220,2.64
2024-01-01,CHA106,WALL_SHELF,W4,NORMAL,1,1.28,120,220,2.64
2024-01-01,CHA106,WALL_SHELF,W5,NORMAL,1,1.28,120,220,2.64
2024-01-01,CHA106,WALL_SHELF,W6,NORMAL,1,1.28,120,220,2.64
2024-01-01,CHA106,WALL_SHELF,W7,NORMAL,1,1.28,120,220,2.64
2024-01-01,CHA106,WALL_SHELF,W8,NORMAL,1,1.28,120,220,2.64
2024-01-01,CHA106,WALL_SHELF,W9,NORMAL,1,1.28,90,220,1.98
2024-01-01,CHA106,GASHAPON_DISPLAY,GM1,NORMAL,1,1.00,168,127,2.13
2024-01-01,CHA128,CASHIER_COUNTER,CASHIER_FRONT,NORMAL,1,1.82,185,60,1.11
2024-01-01,CHA128,FLOOR,FLOOR,NORMAL,1,1.00,1056,100,10.56
2024-01-01,CHA128,GONDOLA,G1,NORMAL,1,1.25,90,120,1.08
2024-01-01,CHA128,GONDOLA,G10,NORMAL,1,1.25,120,120,1.44
2024-01-01,CHA128,GONDOLA,G11,NORMAL,1,1.25,120,120,1.44
2024-01-01,CHA128,GONDOLA,G12,NORMAL,1,1.25,90,120,1.08
2024-01-01,CHA128,GONDOLA,G13,NORMAL,1,1.25,90,120,1.08
2024-01-01,CHA128,GONDOLA,G14,NORMAL,1,1.25,120,120,1.44
2024-01-01,CHA128,GONDOLA,G15,NORMAL,1,1.25,120,120,1.44
2024-01-01,CHA128,GONDOLA,G16,NORMAL,1,1.25,120,120,1.44
2024-01-01,CHA128,GONDOLA,G17,NORMAL,1,1.25,120,120,1.44
2024-01-01,CHA128,GONDOLA,G18,NORMAL,1,1.25,90,120,1.08
2024-01-01,CHA128,GONDOLA,G19,NORMAL,1,1.25,90,120,1.08
2024-01-01,CHA128,GONDOLA,G2,NORMAL,1,1.25,120,120,1.44
2024-01-01,CHA128,GONDOLA,G20,NORMAL,1,1.25,120,120,1.44
2024-01-01,CHA128,GONDOLA,G21,NORMAL,1,1.25,120,120,1.44
2024-01-01,CHA128,GONDOLA,G22,NORMAL,1,1.25,120,120,1.44
2024-01-01,CHA128,GONDOLA,G23,NORMAL,1,1.25,120,120,1.44
2024-01-01,CHA128,GONDOLA,G24,NORMAL,1,1.25,90,120,1.08
2024-01-01,CHA128,GONDOLA,G25,NORMAL,1,1.25,90,120,1.08
2024-01-01,CHA128,GONDOLA,G26,NORMAL,1,1.25,120,120,1.44
2024-01-01,CHA128,GONDOLA,G27,NORMAL,1,1.25,120,120,1.44
2024-01-01,CHA128,GONDOLA,G28,NORMAL,1,1.25,120,120,1.44
2024-01-01,CHA128,GONDOLA,G29,NORMAL,1,1.25,120,120,1.44
2024-01-01,CHA128,GONDOLA,G3,NORMAL,1,1.25,120,120,1.44
2024-01-01,CHA128,GONDOLA,G30,NORMAL,1,1.25,90,120,1.08
2024-01-01,CHA128,GONDOLA,G31,NORMAL,1,1.25,90,120,1.08
2024-01-01,CHA128,GONDOLA,G32,NORMAL,1,1.25,120,120,1.44
2024-01-01,CHA128,GONDOLA,G33,NORMAL,1,1.25,120,120,1.44
2024-01-01,CHA128,GONDOLA,G34,NORMAL,1,1.25,90,120,1.08
2024-01-01,CHA128,GONDOLA,G35,NORMAL,1,1.25,90,50,0.45
2024-01-01,CHA128,GONDOLA,G36,NORMAL,1,1.25,90,50,0.45
2024-01-01,CHA128,GONDOLA,G37,NORMAL,1,1.25,90,120,1.08
2024-01-01,CHA128,GONDOLA,G38,NORMAL,1,1.25,240,120,2.88
2024-01-01,CHA128,GONDOLA,G39,NORMAL,1,1.25,120,120,1.44
2024-01-01,CHA128,GONDOLA,G4,NORMAL,1,1.25,120,120,1.44
2024-01-01,CHA128,GONDOLA,G40,NORMAL,1,1.25,90,120,1.08
2024-01-01,CHA128,GONDOLA,G5,NORMAL,1,1.25,120,120,1.44
2024-01-01,CHA128,GONDOLA,G6,NORMAL,1,1.25,90,120,1.08
2024-01-01,CHA128,GONDOLA,G7,NORMAL,1,1.25,90,120,1.08
2024-01-01,CHA128,GONDOLA,G8,NORMAL,1,1.25,120,120,1.44
2024-01-01,CHA128,GONDOLA,G9,NORMAL,1,1.25,120,120,1.44
2024-01-01,CHA128,ISLAND_DISPLAY,IP1,PROMOTION,1,1.00,280,100,2.80
2024-01-01,CHA128,ISLAND_DISPLAY,IP2,PROMOTION,1,1.00,280,100,2.80
2024-01-01,CHA128,PALLET_DISPLAY,P1+P2+P3,NORMAL,1,1.00,614,100,6.14
2024-01-01,CHA128,PALLET_DISPLAY,P2,NORMAL,1,1.00,260,100,2.60
2024-01-01,CHA128,TREE_DISPLAY,TREE_DISNEY_DIECAST,NORMAL,1,1.25,40,100,0.40
2024-01-01,CHA128,TREE_DISPLAY,TREE_DISNEY_PLUSH,NORMAL,1,1.54,157,150,2.36
2024-01-01,CHA128,TREE_DISPLAY,TREE_HW,NORMAL,1,1.14,120,100,1.20
2024-01-01,CHA128,TREE_DISPLAY,TREE_PLAYDOH,NORMAL,1,1.00,157,50,0.79
2024-01-01,CHA128,TREE_DISPLAY,TREE_SIKU,NORMAL,1,1.11,120,100,1.20
2024-01-01,CHA128,WALL_SHELF,W1,NORMAL,1,1.28,150,220,3.30
2024-01-01,CHA128,WALL_SHELF,W10,NORMAL,1,1.28,120,220,2.64
2024-01-01,CHA128,WALL_SHELF,W11,NORMAL,1,1.28,120,220,2.64
2024-01-01,CHA128,WALL_SHELF,W12,NORMAL,1,1.28,120,220,2.64
2024-01-01,CHA128,WALL_SHELF,W13,NORMAL,1,1.28,120,220,2.64
2024-01-01,CHA128,WALL_SHELF,W14,NORMAL,1,1.28,120,220,2.64
2024-01-01,CHA128,WALL_SHELF,W15,NORMAL,1,1.28,120,220,2.64
2024-01-01,CHA128,WALL_SHELF,W16,NORMAL,1,1.28,120,220,2.64
2024-01-01,CHA128,WALL_SHELF,W17,NORMAL,1,1.28,120,220,2.64
2024-01-01,CHA128,WALL_SHELF,W18,NORMAL,1,1.28,120,220,2.64
2024-01-01,CHA128,WALL_SHELF,W19,NORMAL,1,1.28,120,220,2.64
2024-01-01,CHA128,WALL_SHELF,W2,NORMAL,1,1.28,120,220,2.64
2024-01-01,CHA128,WALL_SHELF,W20,NORMAL,1,1.28,120,220,2.64
2024-01-01,CHA128,WALL_SHELF,W21,NORMAL,1,1.28,120,220,2.64
2024-01-01,CHA128,WALL_SHELF,W22,NORMAL,1,1.28,120,220,2.64
2024-01-01,CHA128,WALL_SHELF,W23,NORMAL,1,1.28,120,220,2.64
2024-01-01,CHA128,WALL_SHELF,W24,NORMAL,1,1.28,120,220,2.64
2024-01-01,CHA128,WALL_SHELF,W3,NORMAL,1,1.28,150,220,3.30
2024-01-01,CHA128,WALL_SHELF,W4,NORMAL,1,1.28,120,220,2.64
2024-01-01,CHA128,WALL_SHELF,W5,NORMAL,1,1.28,120,220,2.64
2024-01-01,CHA128,WALL_SHELF,W6,NORMAL,1,1.28,120,220,2.64
2024-01-01,CHA128,WALL_SHELF,W7,NORMAL,1,1.28,120,220,2.64
2024-01-01,CHA128,WALL_SHELF,W8,NORMAL,1,1.28,90,220,1.98
2024-01-01,CHA128,WALL_SHELF,W9,NORMAL,1,1.28,90,220,1.98
2024-01-01,CHA128,WALL_SHELF,WH1,NORMAL,1,1.28,130,210,2.73
2024-01-01,CHA128,WALL_SHELF,WH2,NORMAL,1,1.28,130,210,2.73
2024-01-01,CHA166,CASHIER_COUNTER,CASHIER_BACK,NORMAL,1,1.75,150,120,1.80
2024-01-01,CHA166,CASHIER_COUNTER,CASHIER_FRONT,NORMAL,1,1.82,100,90,0.90
2024-01-01,CHA166,FLOOR,FLOOR,NORMAL,1,1.00,1134,100,11.34
2024-01-01,CHA166,GONDOLA,G10,NORMAL,1,1.25,90,120,1.08
2024-01-01,CHA166,GONDOLA,G11,NORMAL,1,1.25,90,120,1.08
2024-01-01,CHA166,GONDOLA,G12,NORMAL,1,1.25,120,120,1.44
2024-01-01,CHA166,GONDOLA,G13,NORMAL,1,1.25,120,120,1.44
2024-01-01,CHA166,GONDOLA,G14,NORMAL,1,1.25,90,120,1.08
2024-01-01,CHA166,GONDOLA,G15,NORMAL,1,1.25,90,120,1.08
2024-01-01,CHA166,GONDOLA,G16,NORMAL,1,1.25,120,120,1.44
2024-01-01,CHA166,GONDOLA,G17,NORMAL,1,1.25,120,120,1.44
2024-01-01,CHA166,GONDOLA,G18,NORMAL,1,1.25,90,120,1.08
2024-01-01,CHA166,GONDOLA,G19,NORMAL,1,1.25,90,120,1.08
2024-01-01,CHA166,GONDOLA,G20,NORMAL,1,1.25,120,120,1.44
2024-01-01,CHA166,GONDOLA,G21,NORMAL,1,1.25,120,120,1.44
2024-01-01,CHA166,GONDOLA,G22,NORMAL,1,1.25,90,120,1.08
2024-01-01,CHA166,GONDOLA,G23,NORMAL,1,1.25,90,120,1.08
2024-01-01,CHA166,GONDOLA,G24,NORMAL,1,1.25,120,120,1.44
2024-01-01,CHA166,GONDOLA,G25,NORMAL,1,1.25,120,120,1.44
2024-01-01,CHA166,GONDOLA,G26,NORMAL,1,1.25,90,120,1.08
2024-01-01,CHA166,GONDOLA,G27,NORMAL,1,1.25,90,120,1.08
2024-01-01,CHA166,GONDOLA,G28,NORMAL,1,1.25,120,120,1.44
2024-01-01,CHA166,GONDOLA,G29,NORMAL,1,1.25,120,120,1.44
2024-01-01,CHA166,GONDOLA,G3,NORMAL,1,1.25,90,120,1.08
2024-01-01,CHA166,GONDOLA,G30,NORMAL,1,1.25,90,120,1.08
2024-01-01,CHA166,GONDOLA,G4,NORMAL,1,1.25,120,120,1.44
2024-01-01,CHA166,GONDOLA,G5,NORMAL,1,1.25,120,120,1.44
2024-01-01,CHA166,GONDOLA,G6,NORMAL,1,1.25,90,120,1.08
2024-01-01,CHA166,GONDOLA,G7,NORMAL,1,1.25,90,120,1.08
2024-01-01,CHA166,GONDOLA,G8,NORMAL,1,1.25,120,120,1.44
2024-01-01,CHA166,GONDOLA,G9,NORMAL,1,1.25,120,120,1.44
2024-01-01,CHA166,GONDOLA,GP1,NORMAL,1,1.25,90,120,1.08
2024-01-01,CHA166,GONDOLA,GP2,NORMAL,1,1.25,90,120,1.08
2024-01-01,CHA166,ISLAND_DISPLAY,IP1,PROMOTION,1,1.00,323,100,3.23
2024-01-01,CHA166,PALLET_DISPLAY,P1,NORMAL,1,1.00,240,100,2.40
2024-01-01,CHA166,PALLET_DISPLAY,P2,NORMAL,1,1.00,517,100,5.17
2024-01-01,CHA166,PALLET_DISPLAY,P3,NORMAL,1,1.00,620,100,6.20
2024-01-01,CHA166,TREE_DISPLAY,TREE_DISNEY_DIECAST,NORMAL,1,1.25,40,100,0.40
2024-01-01,CHA166,TREE_DISPLAY,TREE_HW,NORMAL,1,1.14,120,100,1.20
2024-01-01,CHA166,TREE_DISPLAY,TREE_LOL,NORMAL,1,1.47,35,100,0.35
2024-01-01,CHA166,TREE_DISPLAY,TREE_PLAYDOH,NORMAL,1,1.00,157,50,0.79
2024-01-01,CHA166,TREE_DISPLAY,TREE_SIKU,NORMAL,1,1.11,120,100,1.20
2024-01-01,CHA166,WALL_SHELF,W1,NORMAL,1,1.28,90,220,1.98
2024-01-01,CHA166,WALL_SHELF,W10,NORMAL,1,1.28,280,130,3.64
2024-01-01,CHA166,WALL_SHELF,W11,NORMAL,1,1.28,90,220,1.98
2024-01-01,CHA166,WALL_SHELF,W12,NORMAL,1,1.28,90,120,1.08
2024-01-01,CHA166,WALL_SHELF,W13,NORMAL,1,1.28,90,220,1.98
2024-01-01,CHA166,WALL_SHELF,W14,NORMAL,1,1.28,90,220,1.98
2024-01-01,CHA166,WALL_SHELF,W15,NORMAL,1,1.28,90,220,1.98
2024-01-01,CHA166,WALL_SHELF,W16,NORMAL,1,1.28,90,220,1.98
2024-01-01,CHA166,WALL_SHELF,W17,NORMAL,1,1.28,150,110,1.65
2024-01-01,CHA166,WALL_SHELF,W18,NORMAL,1,1.28,120,220,2.64
2024-01-01,CHA166,WALL_SHELF,W19,NORMAL,1,1.28,120,220,2.64
2024-01-01,CHA166,WALL_SHELF,W2,NORMAL,1,1.28,120,220,2.64
2024-01-01,CHA166,WALL_SHELF,W3,NORMAL,1,1.28,120,220,2.64
2024-01-01,CHA166,WALL_SHELF,W4,NORMAL,1,1.28,120,220,2.64
2024-01-01,CHA166,WALL_SHELF,W5,NORMAL,1,1.28,120,220,2.64
2024-01-01,CHA166,WALL_SHELF,W6,NORMAL,1,1.28,120,220,2.64
2024-01-01,CHA166,WALL_SHELF,W7,NORMAL,1,1.28,120,220,2.64
2024-01-01,CHA166,WALL_SHELF,W8,NORMAL,1,1.28,120,220,2.64
2024-01-01,CHA166,WALL_SHELF,W9,NORMAL,1,1.28,90,220,1.98
2024-01-01,CHA166,WALL_SHELF,WH1,NORMAL,1,1.28,80,220,1.76
